strain,query,target,ppos
CC-1985,CLL_A3167,CLSTRD_00172,98.12
CC-1985,CLL_A3168,CLSTRD_00173,99.14
CC-1985,CLL_A3169,CLSTRD_00174,96.99
CC-1985,CLL_A0291,CLSTRD_00620,97.61
CC-1985,CLL_A0079,CLSTRD_01274,97.52
CC-1985,CLL_A3162,CLSTRD_00167,85.04
CC-1985,CLL_A3162,CLSTRD_00167,82.85
CC-1985,CBO3086,CLSTRD_00888,86.99
CC-1985,CBO3085,CLSTRD_00887,80.48
CC-1985,CBO3084,CLSTRD_00886,87.29
CC-1985,CLL_A0078,CLSTRD_01275,95.25
CC-1985,CDH90139.1,CLSTRD_00430,98.15
CC-3676,CLL_A3167,CLSTRD_00239,100.00
CC-3676,CLL_A3168,CLSTRD_00238,99.78
CC-3676,CLL_A3169,CLSTRD_00237,100.00
CC-3676,CLL_A0291,CLSTRD_02060,99.04
CC-3676,CLL_A0079,CLSTRD_02401,99.77
CC-3676,CLL_A3162,CLSTRD_00244,100.00
CC-3676,CBO3086,CLSTRD_01507,86.30
CC-3676,CBO3084,CLSTRD_01509,87.29
CC-3676,CLL_A0078,CLSTRD_02400,99.51
CC-3676,CDH90139.1,CLSTRD_00755,99.07
CC-3677,CLL_A3167,CLSTRD_00234,97.04
CC-3677,CLL_A3168,CLSTRD_00233,98.92
CC-3677,CLL_A3169,CLSTRD_00232,96.69
CC-3677,CLL_A0291,CLSTRD_02491,98.09
CC-3677,CLL_A0079,CLSTRD_02786,96.39
CC-3677,CLL_A3162,CLSTRD_00239,95.21
CC-3677,CBO3086,CLSTRD_00970,86.30
CC-3677,CBO3084,CLSTRD_00968,86.44
CC-3677,CLL_A0078,CLSTRD_02787,91.68
CC-3677,CDH90139.1,CLSTRD_01282,95.21
CC-3678,CLL_A3167,CLSTRD_00400,100.00
CC-3678,CLL_A3168,CLSTRD_00401,99.78
CC-3678,CLL_A3169,CLSTRD_00402,100.00
CC-3678,CLL_A0291,CLSTRD_02062,99.04
CC-3678,CLL_A0079,CLSTRD_02399,99.77
CC-3678,CLL_A3162,CLSTRD_00395,100.00
CC-3678,CBO3086,CLSTRD_00972,86.30
CC-3678,CBO3084,CLSTRD_00974,87.29
CC-3678,CLL_A0078,CLSTRD_02398,99.51
CC-3678,CDH90139.1,CLSTRD_01843,99.07
SRR2059450,CLL_A3167,KCMACIML_00150,100.00
SRR2059450,CLL_A3168,KCMACIML_00149,100.00
SRR2059450,CLL_A3169,KCMACIML_00148,100.00
SRR2059450,CLL_A0291,KCMACIML_01574,100.00
SRR2059450,CLL_A0079,KCMACIML_02469,100.00
SRR2059450,CLL_A3162,KCMACIML_00155,100.00
SRR2059450,CBO3086,KCMACIML_01395,86.30
SRR2059450,CBO3084,KCMACIML_01397,87.29
SRR2059450,CLL_A0078,KCMACIML_02468,100.00
SRR2059450,CDH90139.1,KCMACIML_01146,100.00
SRR2059451,CLL_A3167,NBCOCELB_00572,100.00
SRR2059451,CLL_A3168,NBCOCELB_00573,100.00
SRR2059451,CLL_A3169,NBCOCELB_00574,100.00
SRR2059451,CLL_A0291,NBCOCELB_01940,100.00
SRR2059451,CLL_A0079,NBCOCELB_01190,100.00
SRR2059451,CLL_A3162,NBCOCELB_00567,100.00
SRR2059451,CBO3086,NBCOCELB_01341,86.30
SRR2059451,CBO3084,NBCOCELB_01343,87.29
SRR2059451,CLL_A0078,NBCOCELB_01189,100.00
SRR2059451,CDH90139.1,NBCOCELB_00278,100.00
SRR2059452,CLL_A3167,DNFPKOGC_00070,98.12
SRR2059452,CLL_A3168,DNFPKOGC_00069,99.14
SRR2059452,CLL_A3169,DNFPKOGC_00068,97.26
SRR2059452,CLL_A0291,DNFPKOGC_02264,98.09
SRR2059452,CLL_A0079,DNFPKOGC_02654,97.74
SRR2059452,CLL_A3162,DNFPKOGC_00075,85.47
SRR2059452,CLL_A3162,DNFPKOGC_00075,82.85
SRR2059452,CBO3086,DNFPKOGC_01877,86.99
SRR2059452,CBO3085,DNFPKOGC_01878,80.48
SRR2059452,CBO3084,DNFPKOGC_01879,87.29
SRR2059452,CLL_A0078,DNFPKOGC_02655,95.25
SRR2059452,CDH90139.1,DNFPKOGC_01161,98.15
SRR2059453,CLL_A3167,FEBDFBEB_00515,100.00
SRR2059453,CLL_A3168,FEBDFBEB_00516,99.78
SRR2059453,CLL_A3169,FEBDFBEB_00517,100.00
SRR2059453,CLL_A0291,FEBDFBEB_01337,99.04
SRR2059453,CLL_A0079,FEBDFBEB_02282,99.77
SRR2059453,CLL_A3162,FEBDFBEB_00510,100.00
SRR2059453,CBO3086,FEBDFBEB_00194,86.30
SRR2059453,CBO3084,FEBDFBEB_00192,87.29
SRR2059453,CLL_A0078,FEBDFBEB_02281,99.51
SRR2059453,CDH90139.1,FEBDFBEB_00736,98.62
SRR2059454,CLL_A3167,FMCKCAPP_00485,100.00
SRR2059454,CLL_A3168,FMCKCAPP_00486,100.00
SRR2059454,CLL_A3169,FMCKCAPP_00487,100.00
SRR2059454,CLL_A0291,FMCKCAPP_02199,99.04
SRR2059454,CLL_A0079,FMCKCAPP_02575,99.77
SRR2059454,CLL_A3162,FMCKCAPP_00480,99.87
SRR2059454,CBO3086,FMCKCAPP_01535,86.30
SRR2059454,CBO3084,FMCKCAPP_01533,87.29
SRR2059454,CLL_A0078,FMCKCAPP_02576,98.86
SRR2059454,CDH90139.1,FMCKCAPP_01220,99.23
SRR2059455,CLL_A3167,PPEKMLAP_02512,100.00
SRR2059455,CLL_A3168,PPEKMLAP_02513,100.00
SRR2059455,CLL_A3169,PPEKMLAP_02514,100.00
SRR2059455,CLL_A0291,PPEKMLAP_01250,99.04
SRR2059455,CLL_A0079,PPEKMLAP_00839,99.77
SRR2059455,CLL_A3162,PPEKMLAP_03058,99.87
SRR2059455,CBO3086,PPEKMLAP_01462,86.30
SRR2059455,CBO3084,PPEKMLAP_01464,87.29
SRR2059455,CLL_A0078,PPEKMLAP_00840,98.86
SRR2059455,CDH90139.1,PPEKMLAP_00129,99.23
SRR2059459,CLL_A3167,FCONBIBO_00467,99.73
SRR2059459,CLL_A3168,FCONBIBO_00468,100.00
SRR2059459,CLL_A3169,FCONBIBO_00469,100.00
SRR2059459,CLL_A0291,FCONBIBO_03346,100.00
SRR2059459,CLL_A0079,FCONBIBO_00947,100.00
SRR2059459,CLL_A3162,FCONBIBO_00462,99.75
SRR2059459,CBO3086,FCONBIBO_03469,86.30
SRR2059459,CBO3084,FCONBIBO_03471,87.29
SRR2059459,CLL_A0078,FCONBIBO_00948,99.35
SRR2059459,CDH90139.1,FCONBIBO_01828,99.69
SRR2059460,CLL_A3167,LOMLKMFN_03018,99.73
SRR2059460,CLL_A3168,LOMLKMFN_03019,100.00
SRR2059460,CLL_A3169,LOMLKMFN_03020,100.00
SRR2059460,CLL_A0291,LOMLKMFN_01885,100.00
SRR2059460,CLL_A0079,LOMLKMFN_02581,100.00
SRR2059460,CLL_A3162,LOMLKMFN_03013,99.75
SRR2059460,CBO3086,LOMLKMFN_00202,86.30
SRR2059460,CBO3084,LOMLKMFN_00200,87.29
SRR2059460,CLL_A0078,LOMLKMFN_02582,99.35
SRR2059460,CDH90139.1,LOMLKMFN_00898,99.69
SRR2059461,CLL_A3167,AFFAPCGN_00273,98.12
SRR2059461,CLL_A3168,AFFAPCGN_00274,99.14
SRR2059461,CLL_A3169,AFFAPCGN_00275,96.99
SRR2059461,CLL_A0291,AFFAPCGN_00745,97.61
SRR2059461,CLL_A0079,AFFAPCGN_02181,97.74
SRR2059461,CLL_A3162,AFFAPCGN_00268,85.18
SRR2059461,CLL_A3162,AFFAPCGN_00268,82.85
SRR2059461,CBO3086,AFFAPCGN_00166,86.99
SRR2059461,CBO3085,AFFAPCGN_00165,80.48
SRR2059461,CBO3084,AFFAPCGN_00164,87.29
SRR2059461,CLL_A0078,AFFAPCGN_02180,95.25
SRR2059461,CDH90139.1,AFFAPCGN_01599,97.99
SRR2059462,CLL_A3167,LMDFJIJD_00102,100.00
SRR2059462,CLL_A3168,LMDFJIJD_00101,99.78
SRR2059462,CLL_A3169,LMDFJIJD_00100,100.00
SRR2059462,CLL_A0291,LMDFJIJD_03497,99.04
SRR2059462,CLL_A0079,LMDFJIJD_02009,99.77
SRR2059462,CLL_A3162,LMDFJIJD_00107,100.00
SRR2059462,CBO3086,LMDFJIJD_00861,86.30
SRR2059462,CBO3084,LMDFJIJD_00859,87.29
SRR2059462,CLL_A0078,LMDFJIJD_02008,99.51
SRR2059462,CDH90139.1,LMDFJIJD_00455,98.62
SRR2059463,CLL_A3167,PAGNFFOH_00240,98.12
SRR2059463,CLL_A3168,PAGNFFOH_00239,99.14
SRR2059463,CLL_A3169,PAGNFFOH_00238,96.99
SRR2059463,CLL_A0291,PAGNFFOH_02067,98.09
SRR2059463,CLL_A0079,PAGNFFOH_02266,97.52
SRR2059463,CLL_A3162,PAGNFFOH_00245,96.85
SRR2059463,CBO3086,PAGNFFOH_01220,86.99
SRR2059463,CBO3085,PAGNFFOH_01219,80.48
SRR2059463,CBO3084,PAGNFFOH_01218,87.29
SRR2059463,CLL_A0078,PAGNFFOH_02267,95.08
SRR2059463,CDH90139.1,PAGNFFOH_02482,98.15
SRR2059464,CLL_A3167,AGFNEJFA_02254,98.12
SRR2059464,CLL_A3168,AGFNEJFA_02255,99.14
SRR2059464,CLL_A3169,AGFNEJFA_02256,97.26
SRR2059464,CLL_A0291,AGFNEJFA_00770,97.61
SRR2059464,CLL_A0079,AGFNEJFA_02334,97.74
SRR2059464,CLL_A3162,AGFNEJFA_02249,85.61
SRR2059464,CLL_A3162,AGFNEJFA_02249,83.11
SRR2059464,CBO3086,AGFNEJFA_00001,86.99
SRR2059464,CBO3085,AGFNEJFA_00002,80.48
SRR2059464,CBO3084,AGFNEJFA_00003,87.29
SRR2059464,CLL_A0078,AGFNEJFA_02332,95.25
SRR2059464,CDH90139.1,AGFNEJFA_00321,97.84
SRR2059465,CLL_A3167,PHKOEHJC_00954,98.12
SRR2059465,CLL_A3168,PHKOEHJC_00953,99.14
SRR2059465,CLL_A3169,PHKOEHJC_00952,96.99
SRR2059465,CLL_A0291,PHKOEHJC_01698,97.61
SRR2059465,CLL_A0079,PHKOEHJC_02529,97.74
SRR2059465,CLL_A3162,PHKOEHJC_00959,85.26
SRR2059465,CLL_A3162,PHKOEHJC_00959,83.11
SRR2059465,CBO3086,PHKOEHJC_01844,86.99
SRR2059465,CBO3085,PHKOEHJC_01845,80.48
SRR2059465,CBO3084,PHKOEHJC_01846,87.29
SRR2059465,CLL_A0078,PHKOEHJC_02530,95.25
SRR2059465,CDH90139.1,PHKOEHJC_00402,97.84
SRR2059466,CLL_A3167,PENPLPEG_00699,98.12
SRR2059466,CLL_A3168,PENPLPEG_00698,99.14
SRR2059466,CLL_A3169,PENPLPEG_00697,96.99
SRR2059466,CLL_A0291,PENPLPEG_00102,97.61
SRR2059466,CLL_A0079,PENPLPEG_03116,97.74
SRR2059466,CLL_A3162,PENPLPEG_00704,85.26
SRR2059466,CLL_A3162,PENPLPEG_00704,83.11
SRR2059466,CBO3086,PENPLPEG_02767,86.99
SRR2059466,CBO3085,PENPLPEG_02768,80.48
SRR2059466,CBO3084,PENPLPEG_02769,87.29
SRR2059466,CLL_A0078,PENPLPEG_03162,95.25
SRR2059466,CDH90139.1,PENPLPEG_00521,97.84
SRR2059468,CLL_A3168,ANGCGELN_02796,99.14
SRR2059468,CLL_A3169,ANGCGELN_02795,97.26
SRR2059468,CLL_A0291,ANGCGELN_01398,98.09
SRR2059468,CLL_A0079,ANGCGELN_01994,97.74
SRR2059468,CLL_A3162,ANGCGELN_00929,85.26
SRR2059468,CLL_A3162,ANGCGELN_00929,83.11
SRR2059468,CBO3086,ANGCGELN_02903,86.99
SRR2059468,CBO3085,ANGCGELN_02902,80.48
SRR2059468,CBO3084,ANGCGELN_02901,87.29
SRR2059468,CLL_A0078,ANGCGELN_01995,95.25
SRR2059468,CDH90139.1,ANGCGELN_00378,97.99
SRR2059469,CLL_A3167,MMHEOGCH_02214,98.12
SRR2059469,CLL_A3168,MMHEOGCH_02215,99.14
SRR2059469,CLL_A3169,MMHEOGCH_02216,96.99
SRR2059469,CLL_A0291,MMHEOGCH_01411,97.61
SRR2059469,CLL_A0079,MMHEOGCH_02917,97.74
SRR2059469,CLL_A3162,MMHEOGCH_02209,85.26
SRR2059469,CLL_A3162,MMHEOGCH_02209,83.11
SRR2059469,CBO3086,MMHEOGCH_01136,86.99
SRR2059469,CBO3085,MMHEOGCH_01137,80.48
SRR2059469,CBO3084,MMHEOGCH_01138,87.29
SRR2059469,CLL_A0078,MMHEOGCH_02916,95.25
SRR2059469,CDH90139.1,MMHEOGCH_00707,97.84
SRR2059471,CLL_A3167,ODKFNHGH_02908,98.12
SRR2059471,CLL_A3168,ODKFNHGH_02907,99.14
SRR2059471,CLL_A3169,ODKFNHGH_02906,97.80
SRR2059471,CLL_A0291,ODKFNHGH_00674,97.61
SRR2059471,CLL_A0079,ODKFNHGH_01081,97.74
SRR2059471,CLL_A3162,ODKFNHGH_02135,85.26
SRR2059471,CLL_A3162,ODKFNHGH_02135,83.11
SRR2059471,CBO3086,ODKFNHGH_02971,86.99
SRR2059471,CBO3085,ODKFNHGH_02970,80.48
SRR2059471,CBO3084,ODKFNHGH_02969,87.29
SRR2059471,CLL_A0078,ODKFNHGH_01080,95.25
SRR2059471,CDH90139.1,ODKFNHGH_00133,97.84
SRR2059472,CLL_A3167,HPNJEOGD_00437,98.12
SRR2059472,CLL_A3168,HPNJEOGD_00436,99.14
SRR2059472,CLL_A3169,HPNJEOGD_00435,97.26
SRR2059472,CLL_A0291,HPNJEOGD_00101,98.09
SRR2059472,CLL_A0079,HPNJEOGD_02742,97.74
SRR2059472,CLL_A3162,HPNJEOGD_00442,85.26
SRR2059472,CLL_A3162,HPNJEOGD_00442,83.11
SRR2059472,CBO3086,HPNJEOGD_00357,86.99
SRR2059472,CBO3085,HPNJEOGD_00358,80.48
SRR2059472,CBO3084,HPNJEOGD_00359,87.29
SRR2059472,CLL_A0078,HPNJEOGD_02741,95.25
SRR2059472,CDH90139.1,HPNJEOGD_00506,97.99
SRR2059473,CLL_A3167,NGFGAIFI_00804,98.12
SRR2059473,CLL_A3168,NGFGAIFI_00805,99.14
SRR2059473,CLL_A3169,NGFGAIFI_00806,96.99
SRR2059473,CLL_A0291,NGFGAIFI_00256,97.61
SRR2059473,CLL_A0079,NGFGAIFI_00312,97.74
SRR2059473,CLL_A3162,NGFGAIFI_02728,85.18
SRR2059473,CLL_A3162,NGFGAIFI_02728,82.85
SRR2059473,CBO3086,NGFGAIFI_01097,86.99
SRR2059473,CBO3085,NGFGAIFI_01096,80.48
SRR2059473,CBO3084,NGFGAIFI_01095,87.29
SRR2059473,CLL_A0078,NGFGAIFI_00311,95.25
SRR2059473,CDH90139.1,NGFGAIFI_00431,97.99
SRR2059474,CLL_A3167,BAABNMLP_01840,98.12
SRR2059474,CLL_A3168,BAABNMLP_01841,99.14
SRR2059474,CLL_A3169,BAABNMLP_01842,96.99
SRR2059474,CLL_A0291,BAABNMLP_01706,97.61
SRR2059474,CLL_A0079,BAABNMLP_03316,97.74
SRR2059474,CLL_A3162,BAABNMLP_01835,85.18
SRR2059474,CLL_A3162,BAABNMLP_01835,82.85
SRR2059474,CBO3086,BAABNMLP_00280,86.99
SRR2059474,CBO3085,BAABNMLP_00281,80.48
SRR2059474,CBO3084,BAABNMLP_00282,87.29
SRR2059474,CLL_A0078,BAABNMLP_03317,95.25
SRR2059474,CDH90139.1,BAABNMLP_00605,97.99
SRR2059475,CLL_A3167,MNIBMDMD_02209,98.12
SRR2059475,CLL_A3168,MNIBMDMD_02208,99.14
SRR2059475,CLL_A3169,MNIBMDMD_02207,96.99
SRR2059475,CLL_A0291,MNIBMDMD_01224,97.61
SRR2059475,CLL_A0079,MNIBMDMD_01060,97.74
SRR2059475,CLL_A3162,MNIBMDMD_02214,85.26
SRR2059475,CLL_A3162,MNIBMDMD_02214,83.11
SRR2059475,CBO3086,MNIBMDMD_00082,86.99
SRR2059475,CBO3085,MNIBMDMD_00081,80.48
SRR2059475,CBO3084,MNIBMDMD_00080,87.29
SRR2059475,CLL_A0078,MNIBMDMD_01059,95.25
SRR2059475,CDH90139.1,MNIBMDMD_00824,97.84
SRR2059476,CLL_A3167,NMBKPADE_00743,98.12
SRR2059476,CLL_A3168,NMBKPADE_00744,99.14
SRR2059476,CLL_A3169,NMBKPADE_00745,96.99
SRR2059476,CLL_A0291,NMBKPADE_00405,97.61
SRR2059476,CLL_A0079,NMBKPADE_02796,97.74
SRR2059476,CLL_A3162,NMBKPADE_00738,85.47
SRR2059476,CLL_A3162,NMBKPADE_00738,82.85
SRR2059476,CBO3086,NMBKPADE_00142,86.99
SRR2059476,CBO3085,NMBKPADE_00141,80.48
SRR2059476,CBO3084,NMBKPADE_00140,87.29
SRR2059476,CLL_A0078,NMBKPADE_02797,95.25
SRR2059476,CDH90139.1,NMBKPADE_02053,98.15
SRR2059477,CLL_A3167,OBLJPCFC_00269,98.12
SRR2059477,CLL_A3168,OBLJPCFC_00268,99.14
SRR2059477,CLL_A3169,OBLJPCFC_00267,96.99
SRR2059477,CLL_A0291,OBLJPCFC_00726,97.61
SRR2059477,CLL_A0079,OBLJPCFC_01618,97.74
SRR2059477,CLL_A3162,OBLJPCFC_00274,85.26
SRR2059477,CLL_A3162,OBLJPCFC_00274,83.11
SRR2059477,CBO3086,OBLJPCFC_00617,86.99
SRR2059477,CBO3085,OBLJPCFC_00616,80.48
SRR2059477,CBO3084,OBLJPCFC_00615,87.29
SRR2059477,CLL_A0078,OBLJPCFC_01619,95.25
SRR2059477,CDH90139.1,OBLJPCFC_00314,97.84
SRR2059479,CLL_A3167,EEGEEPNJ_03006,98.12
SRR2059479,CLL_A3168,EEGEEPNJ_03007,99.14
SRR2059479,CLL_A3169,EEGEEPNJ_03008,96.99
SRR2059479,CLL_A0291,EEGEEPNJ_00483,97.61
SRR2059479,CLL_A0079,EEGEEPNJ_01187,97.74
SRR2059479,CLL_A3162,EEGEEPNJ_02965,85.26
SRR2059479,CLL_A3162,EEGEEPNJ_02965,83.11
SRR2059479,CBO3086,EEGEEPNJ_00096,86.99
SRR2059479,CBO3085,EEGEEPNJ_00095,80.48
SRR2059479,CBO3084,EEGEEPNJ_00094,87.29
SRR2059479,CLL_A0078,EEGEEPNJ_01186,95.25
SRR2059479,CDH90139.1,EEGEEPNJ_00989,97.84
SRR2059480,CLL_A3167,BDGOHJNE_02643,98.12
SRR2059480,CLL_A3168,BDGOHJNE_02642,99.14
SRR2059480,CLL_A3169,BDGOHJNE_02641,96.99
SRR2059480,CLL_A0291,BDGOHJNE_01028,97.61
SRR2059480,CLL_A0079,BDGOHJNE_03103,97.74
SRR2059480,CLL_A3162,BDGOHJNE_02648,85.26
SRR2059480,CLL_A3162,BDGOHJNE_02648,83.11
SRR2059480,CBO3086,BDGOHJNE_01157,86.99
SRR2059480,CBO3085,BDGOHJNE_01158,80.48
SRR2059480,CBO3084,BDGOHJNE_01159,87.29
SRR2059480,CLL_A0078,BDGOHJNE_03102,95.25
SRR2059480,CDH90139.1,BDGOHJNE_01650,98.15
SRR2059481,CLL_A3167,HJKINECP_01524,98.12
SRR2059481,CLL_A3168,HJKINECP_01523,99.35
SRR2059481,CLL_A3169,HJKINECP_01522,96.99
SRR2059481,CLL_A0291,HJKINECP_01576,97.61
SRR2059481,CLL_A0079,HJKINECP_01261,97.74
SRR2059481,CLL_A3162,HJKINECP_01529,85.32
SRR2059481,CLL_A3162,HJKINECP_01529,82.85
SRR2059481,CBO3086,HJKINECP_00830,86.99
SRR2059481,CBO3085,HJKINECP_00831,80.48
SRR2059481,CBO3084,HJKINECP_00832,87.29
SRR2059481,CLL_A0078,HJKINECP_01262,95.08
SRR2059481,CDH90139.1,HJKINECP_00093,98.15
SRR2059482,CLL_A3167,CDJBJLJB_01562,98.12
SRR2059482,CLL_A3168,CDJBJLJB_01563,99.14
SRR2059482,CLL_A3169,CDJBJLJB_01564,96.99
SRR2059482,CLL_A0291,CDJBJLJB_00095,97.61
SRR2059482,CLL_A0079,CDJBJLJB_00622,97.74
SRR2059482,CLL_A3162,CDJBJLJB_01557,85.26
SRR2059482,CLL_A3162,CDJBJLJB_01557,83.11
SRR2059482,CBO3086,CDJBJLJB_00809,86.99
SRR2059482,CBO3085,CDJBJLJB_00810,80.48
SRR2059482,CBO3084,CDJBJLJB_00811,87.29
SRR2059482,CLL_A0078,CDJBJLJB_00623,95.25
SRR2059482,CDH90139.1,CDJBJLJB_00949,98.15
SRR2059483,CLL_A3167,IHFHGBGL_00491,98.12
SRR2059483,CLL_A3168,IHFHGBGL_00492,99.14
SRR2059483,CLL_A3169,IHFHGBGL_00493,96.99
SRR2059483,CLL_A0291,IHFHGBGL_02107,97.61
SRR2059483,CLL_A0079,IHFHGBGL_02341,97.74
SRR2059483,CLL_A3162,IHFHGBGL_00486,85.26
SRR2059483,CLL_A3162,IHFHGBGL_00486,83.11
SRR2059483,CBO3086,IHFHGBGL_00753,86.99
SRR2059483,CBO3085,IHFHGBGL_00754,80.48
SRR2059483,CBO3084,IHFHGBGL_00755,87.29
SRR2059483,CLL_A0078,IHFHGBGL_02342,95.25
SRR2059483,CDH90139.1,IHFHGBGL_01080,98.15
SRR2059484,CLL_A3167,CNBFIGKH_01165,98.12
SRR2059484,CLL_A3168,CNBFIGKH_01166,99.14
SRR2059484,CLL_A3169,CNBFIGKH_01167,97.26
SRR2059484,CLL_A0291,CNBFIGKH_01769,98.09
SRR2059484,CLL_A0079,CNBFIGKH_02152,97.52
SRR2059484,CLL_A3162,CNBFIGKH_01160,85.26
SRR2059484,CLL_A3162,CNBFIGKH_01160,83.11
SRR2059484,CBO3086,CNBFIGKH_00451,86.99
SRR2059484,CBO3085,CNBFIGKH_00450,80.48
SRR2059484,CBO3084,CNBFIGKH_00449,87.29
SRR2059484,CLL_A0078,CNBFIGKH_02153,95.25
SRR2059484,CDH90139.1,CNBFIGKH_00125,97.99
SRR2059485,CLL_A3167,BACIFPAJ_00232,98.12
SRR2059485,CLL_A3168,BACIFPAJ_00231,99.14
SRR2059485,CLL_A3169,BACIFPAJ_00230,96.99
SRR2059485,CLL_A0291,BACIFPAJ_01732,97.61
SRR2059485,CLL_A0079,BACIFPAJ_02755,97.74
SRR2059485,CLL_A3162,BACIFPAJ_00237,85.18
SRR2059485,CLL_A3162,BACIFPAJ_00237,82.85
SRR2059485,CBO3086,BACIFPAJ_00456,86.99
SRR2059485,CBO3085,BACIFPAJ_00455,80.48
SRR2059485,CBO3084,BACIFPAJ_00454,87.29
SRR2059485,CLL_A0078,BACIFPAJ_02754,95.25
SRR2059485,CDH90139.1,BACIFPAJ_03272,97.99
SRR2059486,CLL_A3167,GGNDIIOK_02123,98.12
SRR2059486,CLL_A3168,GGNDIIOK_02122,99.14
SRR2059486,CLL_A3169,GGNDIIOK_02121,96.99
SRR2059486,CLL_A0291,GGNDIIOK_02287,97.61
SRR2059486,CLL_A0079,GGNDIIOK_02366,97.74
SRR2059486,CLL_A3162,GGNDIIOK_02128,85.26
SRR2059486,CLL_A3162,GGNDIIOK_02128,83.11
SRR2059486,CBO3086,GGNDIIOK_02710,86.99
SRR2059486,CBO3085,GGNDIIOK_02709,80.48
SRR2059486,CBO3084,GGNDIIOK_02708,87.29
SRR2059486,CLL_A0078,GGNDIIOK_02365,95.25
SRR2059486,CDH90139.1,GGNDIIOK_01225,97.84
SRR2059487,CLL_A3167,GENKPBLH_00803,98.12
SRR2059487,CLL_A3168,GENKPBLH_00804,99.14
SRR2059487,CLL_A3169,GENKPBLH_00805,96.99
SRR2059487,CLL_A0291,GENKPBLH_00175,98.09
SRR2059487,CLL_A0079,GENKPBLH_01898,97.52
SRR2059487,CLL_A3162,GENKPBLH_00798,85.47
SRR2059487,CLL_A3162,GENKPBLH_00798,82.59
SRR2059487,CBO3086,GENKPBLH_00921,86.99
SRR2059487,CBO3085,GENKPBLH_00922,80.48
SRR2059487,CBO3084,GENKPBLH_00923,87.29
SRR2059487,CLL_A0078,GENKPBLH_01897,95.25
SRR2059487,CDH90139.1,GENKPBLH_01189,98.15
SRR2059488,CLL_A3167,GDDFNJJF_00617,98.12
SRR2059488,CLL_A3168,GDDFNJJF_00616,99.14
SRR2059488,CLL_A3169,GDDFNJJF_00615,96.99
SRR2059488,CLL_A0291,GDDFNJJF_00935,97.61
SRR2059488,CLL_A0079,GDDFNJJF_00127,97.74
SRR2059488,CLL_A3162,GDDFNJJF_03083,85.26
SRR2059488,CLL_A3162,GDDFNJJF_03083,83.11
SRR2059488,CBO3086,GDDFNJJF_00418,86.99
SRR2059488,CBO3085,GDDFNJJF_00419,80.48
SRR2059488,CBO3084,GDDFNJJF_00420,87.29
SRR2059488,CLL_A0078,GDDFNJJF_00128,95.25
SRR2059488,CDH90139.1,GDDFNJJF_01039,98.15
SRR2059489,CLL_A3167,GHFIOHEN_01384,98.12
SRR2059489,CLL_A3168,GHFIOHEN_01383,99.14
SRR2059489,CLL_A3169,GHFIOHEN_01382,96.99
SRR2059489,CLL_A0291,GHFIOHEN_01403,97.61
SRR2059489,CLL_A0079,GHFIOHEN_01349,97.74
SRR2059489,CLL_A3162,GHFIOHEN_01389,85.26
SRR2059489,CLL_A3162,GHFIOHEN_01389,83.11
SRR2059489,CBO3086,GHFIOHEN_03227,88.15
SRR2059489,CBO3085,GHFIOHEN_03228,80.48
SRR2059489,CBO3084,GHFIOHEN_03229,87.29
SRR2059489,CLL_A0078,GHFIOHEN_01350,95.25
SRR2059489,CDH90139.1,GHFIOHEN_00809,98.15
SRR2059490,CLL_A3167,KDDGAOHD_02490,98.12
SRR2059490,CLL_A3168,KDDGAOHD_02491,99.14
SRR2059490,CLL_A3169,KDDGAOHD_02492,98.68
SRR2059490,CLL_A0291,KDDGAOHD_00036,97.61
SRR2059490,CLL_A0079,KDDGAOHD_01422,97.74
SRR2059490,CBO3086,KDDGAOHD_02573,86.99
SRR2059490,CBO3085,KDDGAOHD_02574,80.48
SRR2059490,CBO3084,KDDGAOHD_02575,87.29
SRR2059490,CLL_A0078,KDDGAOHD_01421,95.25
SRR2059490,CDH90139.1,KDDGAOHD_00809,98.15
SRR2059491,CLL_A3167,AFGMLMKC_00659,98.12
SRR2059491,CLL_A3168,AFGMLMKC_00658,99.14
SRR2059491,CLL_A3169,AFGMLMKC_00657,96.99
SRR2059491,CLL_A0291,AFGMLMKC_00361,97.61
SRR2059491,CLL_A0079,AFGMLMKC_00677,97.74
SRR2059491,CLL_A3162,AFGMLMKC_00664,85.26
SRR2059491,CLL_A3162,AFGMLMKC_00664,83.11
SRR2059491,CBO3086,AFGMLMKC_00767,86.99
SRR2059491,CBO3085,AFGMLMKC_00768,80.48
SRR2059491,CBO3084,AFGMLMKC_00769,87.29
SRR2059491,CLL_A0078,AFGMLMKC_00676,95.25
SRR2059491,CDH90139.1,AFGMLMKC_01830,98.15
SRR2059492,CLL_A3167,LEKCIKFP_01499,98.12
SRR2059492,CLL_A3168,LEKCIKFP_01498,99.14
SRR2059492,CLL_A3169,LEKCIKFP_01497,96.99
SRR2059492,CLL_A0291,LEKCIKFP_00102,98.09
SRR2059492,CLL_A0079,LEKCIKFP_02684,97.29
SRR2059492,CLL_A3162,LEKCIKFP_01504,85.47
SRR2059492,CLL_A3162,LEKCIKFP_01504,82.59
SRR2059492,CBO3086,LEKCIKFP_01230,86.99
SRR2059492,CBO3085,LEKCIKFP_01229,80.48
SRR2059492,CBO3084,LEKCIKFP_01228,87.29
SRR2059492,CLL_A0078,LEKCIKFP_02685,95.25
SRR2059492,CDH90139.1,LEKCIKFP_00562,98.15
SRR2059493,CLL_A3167,NNCJJFPN_02917,98.12
SRR2059493,CLL_A3168,NNCJJFPN_02916,99.14
SRR2059493,CLL_A3169,NNCJJFPN_02915,96.94
SRR2059493,CLL_A0291,NNCJJFPN_01551,97.61
SRR2059493,CLL_A0079,NNCJJFPN_02058,97.74
SRR2059493,CLL_A3162,NNCJJFPN_01347,85.26
SRR2059493,CLL_A3162,NNCJJFPN_01347,83.11
SRR2059493,CBO3086,NNCJJFPN_02978,86.99
SRR2059493,CBO3085,NNCJJFPN_02979,80.48
SRR2059493,CBO3084,NNCJJFPN_02980,87.29
SRR2059493,CLL_A0078,NNCJJFPN_02059,95.25
SRR2059493,CDH90139.1,NNCJJFPN_00369,98.15
SRR2059494,CLL_A3167,ENFDHMBN_01238,98.12
SRR2059494,CLL_A3169,ENFDHMBN_02584,97.26
SRR2059494,CLL_A0291,ENFDHMBN_02883,98.09
SRR2059494,CLL_A0079,ENFDHMBN_00660,97.74
SRR2059494,CLL_A3162,ENFDHMBN_01233,85.26
SRR2059494,CLL_A3162,ENFDHMBN_01233,83.11
SRR2059494,CBO3086,ENFDHMBN_02153,86.99
SRR2059494,CBO3085,ENFDHMBN_02152,80.48
SRR2059494,CBO3084,ENFDHMBN_02151,87.29
SRR2059494,CLL_A0078,ENFDHMBN_00662,95.25
SRR2059494,CDH90139.1,ENFDHMBN_00375,97.99
SRR2059495,CLL_A3167,KPCCNBAB_01031,98.12
SRR2059495,CLL_A3168,KPCCNBAB_01030,99.14
SRR2059495,CLL_A3169,KPCCNBAB_01029,97.26
SRR2059495,CLL_A0291,KPCCNBAB_01345,98.09
SRR2059495,CLL_A0079,KPCCNBAB_02639,97.74
SRR2059495,CLL_A3162,KPCCNBAB_01036,85.26
SRR2059495,CLL_A3162,KPCCNBAB_01036,83.11
SRR2059495,CBO3086,KPCCNBAB_00954,86.99
SRR2059495,CBO3085,KPCCNBAB_00955,80.48
SRR2059495,CBO3084,KPCCNBAB_00956,87.29
SRR2059495,CLL_A0078,KPCCNBAB_02638,95.25
SRR2059495,CDH90139.1,KPCCNBAB_00264,97.99
SRR2059496,CLL_A3167,JMCHKKAD_01667,98.12
SRR2059496,CLL_A3168,JMCHKKAD_01668,99.14
SRR2059496,CLL_A3169,JMCHKKAD_01669,96.99
SRR2059496,CLL_A0291,JMCHKKAD_02107,97.61
SRR2059496,CLL_A0079,JMCHKKAD_00464,97.74
SRR2059496,CLL_A3162,JMCHKKAD_02054,85.18
SRR2059496,CLL_A3162,JMCHKKAD_02054,82.85
SRR2059496,CBO3086,JMCHKKAD_02945,86.99
SRR2059496,CBO3085,JMCHKKAD_02946,80.48
SRR2059496,CBO3084,JMCHKKAD_02947,87.29
SRR2059496,CLL_A0078,JMCHKKAD_00465,95.25
SRR2059496,CDH90139.1,JMCHKKAD_00271,97.99
SRR2059497,CLL_A3167,LNDFKECO_01269,98.12
SRR2059497,CLL_A3168,LNDFKECO_01268,99.14
SRR2059497,CLL_A3169,LNDFKECO_01267,96.99
SRR2059497,CLL_A0291,LNDFKECO_01502,97.61
SRR2059497,CLL_A0079,LNDFKECO_01707,97.74
SRR2059497,CLL_A3162,LNDFKECO_01274,85.18
SRR2059497,CLL_A3162,LNDFKECO_01274,82.85
SRR2059497,CBO3086,LNDFKECO_00225,86.99
SRR2059497,CBO3085,LNDFKECO_00224,80.48
SRR2059497,CBO3084,LNDFKECO_00223,87.29
SRR2059497,CLL_A0078,LNDFKECO_01708,95.25
SRR2059497,CDH90139.1,LNDFKECO_01046,97.99
SRR2059499,CLL_A3167,GAAOOLIH_01351,98.12
SRR2059499,CLL_A3168,GAAOOLIH_01352,99.14
SRR2059499,CLL_A3169,GAAOOLIH_01353,96.99
SRR2059499,CLL_A0291,GAAOOLIH_01431,97.61
SRR2059499,CLL_A0079,GAAOOLIH_01327,97.74
SRR2059499,CLL_A3162,GAAOOLIH_02107,96.71
SRR2059499,CBO3086,GAAOOLIH_00088,86.99
SRR2059499,CBO3085,GAAOOLIH_00089,80.48
SRR2059499,CBO3084,GAAOOLIH_00090,87.29
SRR2059499,CLL_A0078,GAAOOLIH_01329,95.25
SRR2059499,CDH90139.1,GAAOOLIH_01549,97.84
SRR2059500,CLL_A3167,BLIFGAHO_01377,98.12
SRR2059500,CLL_A3168,BLIFGAHO_01378,99.14
SRR2059500,CLL_A3169,BLIFGAHO_01379,96.99
SRR2059500,CLL_A0291,BLIFGAHO_00082,97.61
SRR2059500,CLL_A0079,BLIFGAHO_02087,97.74
SRR2059500,CLL_A3162,BLIFGAHO_01372,85.47
SRR2059500,CLL_A3162,BLIFGAHO_01372,82.85
SRR2059500,CBO3086,BLIFGAHO_03428,86.99
SRR2059500,CBO3085,BLIFGAHO_03429,80.48
SRR2059500,CBO3084,BLIFGAHO_03430,87.29
SRR2059500,CLL_A0078,BLIFGAHO_02086,95.25
SRR2059500,CDH90139.1,BLIFGAHO_00286,98.15
SRR2059501,CLL_A3167,IBCKPEEF_02455,98.12
SRR2059501,CLL_A3168,IBCKPEEF_02454,99.14
SRR2059501,CLL_A3169,IBCKPEEF_02453,97.26
SRR2059501,CLL_A0291,IBCKPEEF_01130,98.09
SRR2059501,CLL_A0079,IBCKPEEF_01492,97.74
SRR2059501,CLL_A3162,IBCKPEEF_02460,85.26
SRR2059501,CLL_A3162,IBCKPEEF_02460,83.11
SRR2059501,CBO3086,IBCKPEEF_01974,86.99
SRR2059501,CBO3085,IBCKPEEF_01975,80.48
SRR2059501,CBO3084,IBCKPEEF_01976,87.29
SRR2059501,CLL_A0078,IBCKPEEF_01491,95.25
SRR2059501,CDH90139.1,IBCKPEEF_03026,97.99
SRR2059502,CLL_A3167,IMCDMOML_01826,97.71
SRR2059502,CLL_A3168,IMCDMOML_03303,98.96
SRR2059502,CLL_A3169,IMCDMOML_02696,97.26
SRR2059502,CLL_A0291,IMCDMOML_01873,98.09
SRR2059502,CLL_A0079,IMCDMOML_00433,97.74
SRR2059502,CLL_A3162,IMCDMOML_01821,85.26
SRR2059502,CLL_A3162,IMCDMOML_01821,83.11
SRR2059502,CBO3086,IMCDMOML_00898,86.99
SRR2059502,CBO3085,IMCDMOML_00899,80.48
SRR2059502,CBO3084,IMCDMOML_00900,87.29
SRR2059502,CLL_A0078,IMCDMOML_00434,95.25
SRR2059502,CDH90139.1,IMCDMOML_00557,97.99
SRR2059503,CLL_A3167,CMCLHGNA_01785,98.12
SRR2059503,CLL_A3168,CMCLHGNA_01784,99.14
SRR2059503,CLL_A0291,CMCLHGNA_02355,98.09
SRR2059503,CLL_A0079,CMCLHGNA_00006,97.52
SRR2059503,CLL_A3162,CMCLHGNA_01790,85.47
SRR2059503,CLL_A3162,CMCLHGNA_01790,82.59
SRR2059503,CBO3086,CMCLHGNA_01971,86.99
SRR2059503,CBO3085,CMCLHGNA_01970,80.48
SRR2059503,CBO3084,CMCLHGNA_01969,87.29
SRR2059503,CLL_A0078,CMCLHGNA_00005,95.25
SRR2059503,CDH90139.1,CMCLHGNA_00927,98.15
SRR2059504,CLL_A3167,HHFIAEJD_01813,98.12
SRR2059504,CLL_A3168,HHFIAEJD_01812,99.14
SRR2059504,CLL_A3169,HHFIAEJD_01811,96.99
SRR2059504,CLL_A0291,HHFIAEJD_00278,97.61
SRR2059504,CLL_A0079,HHFIAEJD_02065,97.74
SRR2059504,CLL_A3162,HHFIAEJD_01818,85.26
SRR2059504,CLL_A3162,HHFIAEJD_01818,83.11
SRR2059504,CBO3086,HHFIAEJD_02578,86.99
SRR2059504,CBO3085,HHFIAEJD_02577,80.48
SRR2059504,CBO3084,HHFIAEJD_02576,87.29
SRR2059504,CLL_A0078,HHFIAEJD_02066,95.25
SRR2059504,CDH90139.1,HHFIAEJD_00771,98.15
SRR2059505,CLL_A3167,CBNMNAOP_01136,98.12
SRR2059505,CLL_A3168,CBNMNAOP_01135,99.14
SRR2059505,CLL_A3169,CBNMNAOP_01134,96.99
SRR2059505,CLL_A0291,CBNMNAOP_00102,97.61
SRR2059505,CLL_A0079,CBNMNAOP_01279,97.74
SRR2059505,CLL_A3162,CBNMNAOP_01141,85.26
SRR2059505,CLL_A3162,CBNMNAOP_01141,83.11
SRR2059505,CBO3086,CBNMNAOP_02866,86.99
SRR2059505,CBO3085,CBNMNAOP_02865,80.48
SRR2059505,CBO3084,CBNMNAOP_02864,87.29
SRR2059505,CLL_A0078,CBNMNAOP_01278,95.25
SRR2059505,CDH90139.1,CBNMNAOP_01785,97.84
SRR2059506,CLL_A3167,NHFGDBMM_01473,98.12
SRR2059506,CLL_A3168,NHFGDBMM_01474,99.14
SRR2059506,CLL_A3169,NHFGDBMM_01475,96.99
SRR2059506,CLL_A0291,NHFGDBMM_01661,97.61
SRR2059506,CLL_A0079,NHFGDBMM_01319,97.74
SRR2059506,CLL_A3162,NHFGDBMM_02774,85.26
SRR2059506,CLL_A3162,NHFGDBMM_02774,83.11
SRR2059506,CBO3086,NHFGDBMM_02813,86.99
SRR2059506,CBO3085,NHFGDBMM_02812,80.48
SRR2059506,CBO3084,NHFGDBMM_02811,87.29
SRR2059506,CLL_A0078,NHFGDBMM_01318,95.25
SRR2059506,CDH90139.1,NHFGDBMM_00150,97.84
SRR2059508,CLL_A3167,FPDGCAAO_02174,98.12
SRR2059508,CLL_A3168,FPDGCAAO_02173,99.14
SRR2059508,CLL_A3169,FPDGCAAO_02172,96.99
SRR2059508,CLL_A0291,FPDGCAAO_01166,97.61
SRR2059508,CLL_A0079,FPDGCAAO_02595,97.74
SRR2059508,CBO3086,FPDGCAAO_03096,86.99
SRR2059508,CBO3085,FPDGCAAO_03095,80.48
SRR2059508,CBO3084,FPDGCAAO_03094,87.29
SRR2059508,CLL_A0078,FPDGCAAO_02594,95.25
SRR2059508,CDH90139.1,FPDGCAAO_00869,97.99
SRR2059509,CLL_A3167,EDJNPOEH_01015,98.12
SRR2059509,CLL_A3168,EDJNPOEH_01016,99.14
SRR2059509,CLL_A3169,EDJNPOEH_01017,96.99
SRR2059509,CLL_A0291,EDJNPOEH_00569,97.61
SRR2059509,CLL_A0079,EDJNPOEH_02554,97.74
SRR2059509,CLL_A3162,EDJNPOEH_01010,85.26
SRR2059509,CLL_A3162,EDJNPOEH_01010,83.11
SRR2059509,CBO3086,EDJNPOEH_00295,86.99
SRR2059509,CBO3085,EDJNPOEH_00296,80.48
SRR2059509,CBO3084,EDJNPOEH_00297,87.29
SRR2059509,CLL_A0078,EDJNPOEH_02553,95.25
SRR2059509,CDH90139.1,EDJNPOEH_01933,97.84
SRR2059510,CLL_A3167,NNDLEAND_00279,98.12
SRR2059510,CLL_A3168,NNDLEAND_00278,99.14
SRR2059510,CLL_A3169,NNDLEAND_00277,97.26
SRR2059510,CLL_A0291,NNDLEAND_00111,98.09
SRR2059510,CLL_A0079,NNDLEAND_02517,97.74
SRR2059510,CLL_A3162,NNDLEAND_00284,85.26
SRR2059510,CLL_A3162,NNDLEAND_00284,83.11
SRR2059510,CBO3086,NNDLEAND_01077,86.99
SRR2059510,CBO3085,NNDLEAND_01076,80.48
SRR2059510,CBO3084,NNDLEAND_01075,87.29
SRR2059510,CLL_A0078,NNDLEAND_02516,95.25
SRR2059510,CDH90139.1,NNDLEAND_00773,97.99
SRR2059511,CLL_A3167,PLNIPLAJ_01052,98.12
SRR2059511,CLL_A3168,PLNIPLAJ_01053,99.14
SRR2059511,CLL_A3169,PLNIPLAJ_01054,97.26
SRR2059511,CLL_A0291,PLNIPLAJ_00101,98.09
SRR2059511,CLL_A0079,PLNIPLAJ_02658,97.74
SRR2059511,CLL_A3162,PLNIPLAJ_01047,85.26
SRR2059511,CLL_A3162,PLNIPLAJ_01047,83.11
SRR2059511,CBO3086,PLNIPLAJ_00991,86.99
SRR2059511,CBO3085,PLNIPLAJ_00990,80.48
SRR2059511,CBO3084,PLNIPLAJ_00989,87.29
SRR2059511,CLL_A0078,PLNIPLAJ_02659,95.25
SRR2059511,CDH90139.1,PLNIPLAJ_00249,97.99
SRR2059512,CLL_A3167,LCFDIGJA_00466,98.12
SRR2059512,CLL_A3168,LCFDIGJA_00465,99.14
SRR2059512,CLL_A3169,LCFDIGJA_00464,96.99
SRR2059512,CLL_A0291,LCFDIGJA_00295,97.61
SRR2059512,CLL_A0079,LCFDIGJA_01909,97.74
SRR2059512,CLL_A3162,LCFDIGJA_00471,85.26
SRR2059512,CLL_A3162,LCFDIGJA_00471,83.11
SRR2059512,CBO3086,LCFDIGJA_00570,86.99
SRR2059512,CBO3085,LCFDIGJA_00569,80.48
SRR2059512,CBO3084,LCFDIGJA_00568,87.29
SRR2059512,CLL_A0078,LCFDIGJA_01908,95.25
SRR2059512,CDH90139.1,LCFDIGJA_00618,97.84
SRR2059513,CLL_A3167,OKMPIKGO_01351,98.12
SRR2059513,CLL_A3168,OKMPIKGO_01352,99.14
SRR2059513,CLL_A3169,OKMPIKGO_01353,96.99
SRR2059513,CLL_A0291,OKMPIKGO_01042,98.09
SRR2059513,CLL_A0079,OKMPIKGO_01897,97.52
SRR2059513,CLL_A3162,OKMPIKGO_01346,85.47
SRR2059513,CLL_A3162,OKMPIKGO_01346,82.59
SRR2059513,CBO3086,OKMPIKGO_03377,86.99
SRR2059513,CBO3085,OKMPIKGO_03378,80.48
SRR2059513,CBO3084,OKMPIKGO_03379,87.29
SRR2059513,CLL_A0078,OKMPIKGO_01898,95.25
SRR2059513,CDH90139.1,OKMPIKGO_00397,98.15
SRR2059514,CLL_A3167,AMHFEMPE_00153,98.12
SRR2059514,CLL_A3168,AMHFEMPE_00154,99.14
SRR2059514,CLL_A3169,AMHFEMPE_00155,96.99
SRR2059514,CLL_A0291,AMHFEMPE_02127,98.09
SRR2059514,CLL_A0079,AMHFEMPE_02592,97.52
SRR2059514,CLL_A3162,AMHFEMPE_00148,85.47
SRR2059514,CLL_A3162,AMHFEMPE_00148,82.59
SRR2059514,CBO3086,AMHFEMPE_02095,86.99
SRR2059514,CBO3085,AMHFEMPE_02096,80.48
SRR2059514,CBO3084,AMHFEMPE_02097,87.29
SRR2059514,CLL_A0078,AMHFEMPE_02591,95.25
SRR2059514,CDH90139.1,AMHFEMPE_00809,98.15
SRR2059515,CLL_A3167,BMKCNOCD_01132,98.12
SRR2059515,CLL_A3168,BMKCNOCD_01133,99.14
SRR2059515,CLL_A3169,BMKCNOCD_01134,96.99
SRR2059515,CLL_A0291,BMKCNOCD_00560,98.09
SRR2059515,CLL_A0079,BMKCNOCD_00522,97.52
SRR2059515,CLL_A3162,BMKCNOCD_01127,85.47
SRR2059515,CLL_A3162,BMKCNOCD_01127,82.59
SRR2059515,CBO3086,BMKCNOCD_00862,86.99
SRR2059515,CBO3085,BMKCNOCD_00861,80.48
SRR2059515,CBO3084,BMKCNOCD_00860,87.29
SRR2059515,CLL_A0078,BMKCNOCD_00523,95.25
SRR2059515,CDH90139.1,BMKCNOCD_02650,98.15
SRR2059517,CLL_A3167,BCBPCCPA_00250,100.00
SRR2059517,CLL_A3168,BCBPCCPA_00251,99.78
SRR2059517,CLL_A3169,BCBPCCPA_00252,100.00
SRR2059517,CLL_A0291,BCBPCCPA_00796,99.04
SRR2059517,CLL_A0079,BCBPCCPA_00878,99.77
SRR2059517,CLL_A3162,BCBPCCPA_00245,100.00
SRR2059517,CBO3086,BCBPCCPA_00116,86.30
SRR2059517,CBO3084,BCBPCCPA_00118,87.29
SRR2059517,CLL_A0078,BCBPCCPA_00877,98.86
SRR2059517,CDH90139.1,BCBPCCPA_01291,98.46
SRR2059518,CLL_A3167,CHKHLKMK_02252,98.12
SRR2059518,CLL_A3168,CHKHLKMK_02253,99.14
SRR2059518,CLL_A3169,CHKHLKMK_02254,96.99
SRR2059518,CLL_A0291,CHKHLKMK_01649,97.61
SRR2059518,CLL_A0079,CHKHLKMK_02398,97.74
SRR2059518,CLL_A3162,CHKHLKMK_02247,85.18
SRR2059518,CLL_A3162,CHKHLKMK_02247,82.85
SRR2059518,CBO3086,CHKHLKMK_00063,86.99
SRR2059518,CBO3085,CHKHLKMK_00064,80.48
SRR2059518,CBO3084,CHKHLKMK_00065,87.29
SRR2059518,CLL_A0078,CHKHLKMK_02399,95.25
SRR2059518,CDH90139.1,CHKHLKMK_00387,97.99
SRR2059519,CLL_A3167,OEGFGBKE_01125,98.12
SRR2059519,CLL_A3168,OEGFGBKE_01124,99.14
SRR2059519,CLL_A3169,OEGFGBKE_01123,97.26
SRR2059519,CLL_A0291,OEGFGBKE_03179,98.09
SRR2059519,CLL_A0079,OEGFGBKE_01854,97.74
SRR2059519,CLL_A3162,OEGFGBKE_01130,85.26
SRR2059519,CLL_A3162,OEGFGBKE_01130,83.11
SRR2059519,CBO3086,OEGFGBKE_00603,86.99
SRR2059519,CBO3085,OEGFGBKE_00602,80.48
SRR2059519,CBO3084,OEGFGBKE_00601,87.29
SRR2059519,CLL_A0078,OEGFGBKE_01855,95.25
SRR2059519,CDH90139.1,OEGFGBKE_00895,97.99
SRR2059520,CLL_A3167,MJGJKLAE_00637,98.12
SRR2059520,CLL_A3168,MJGJKLAE_00638,99.14
SRR2059520,CLL_A3169,MJGJKLAE_00639,96.99
SRR2059520,CLL_A0291,MJGJKLAE_00102,97.61
SRR2059520,CLL_A0079,MJGJKLAE_00927,97.74
SRR2059520,CLL_A3162,MJGJKLAE_00632,85.47
SRR2059520,CLL_A3162,MJGJKLAE_00632,82.85
SRR2059520,CBO3086,MJGJKLAE_01436,86.99
SRR2059520,CBO3085,MJGJKLAE_01437,80.48
SRR2059520,CBO3084,MJGJKLAE_01438,87.29
SRR2059520,CLL_A0078,MJGJKLAE_00928,95.25
SRR2059520,CDH90139.1,MJGJKLAE_01695,98.15
SRR2059521,CLL_A3167,KGIIMPFA_00719,98.12
SRR2059521,CLL_A3168,KGIIMPFA_00718,99.14
SRR2059521,CLL_A3169,KGIIMPFA_00717,96.99
SRR2059521,CLL_A0291,KGIIMPFA_00092,97.61
SRR2059521,CLL_A0079,KGIIMPFA_00886,97.74
SRR2059521,CLL_A3162,KGIIMPFA_00724,85.47
SRR2059521,CLL_A3162,KGIIMPFA_00724,82.85
SRR2059521,CBO3086,KGIIMPFA_02793,86.99
SRR2059521,CBO3085,KGIIMPFA_02794,80.48
SRR2059521,CBO3084,KGIIMPFA_02795,87.29
SRR2059521,CLL_A0078,KGIIMPFA_00885,95.25
SRR2059521,CDH90139.1,KGIIMPFA_00601,98.15
SRR2059522,CLL_A3167,HEDGLFGK_01876,98.12
SRR2059522,CLL_A3168,HEDGLFGK_01877,99.14
SRR2059522,CLL_A3169,HEDGLFGK_01878,96.99
SRR2059522,CLL_A0291,HEDGLFGK_00681,97.61
SRR2059522,CLL_A0079,HEDGLFGK_00368,97.74
SRR2059522,CLL_A3162,HEDGLFGK_01871,85.47
SRR2059522,CLL_A3162,HEDGLFGK_01871,82.85
SRR2059522,CBO3086,HEDGLFGK_03453,86.99
SRR2059522,CBO3085,HEDGLFGK_03452,80.48
SRR2059522,CBO3084,HEDGLFGK_03451,87.29
SRR2059522,CLL_A0078,HEDGLFGK_00367,95.25
SRR2059522,CDH90139.1,HEDGLFGK_00072,98.15
SRR2059524,CLL_A3167,KLGJKNIF_02436,98.12
SRR2059524,CLL_A3168,KLGJKNIF_02435,99.14
SRR2059524,CLL_A3169,KLGJKNIF_02434,96.99
SRR2059524,CLL_A0291,KLGJKNIF_02613,97.61
SRR2059524,CLL_A0079,KLGJKNIF_01708,97.74
SRR2059524,CLL_A3162,KLGJKNIF_02728,85.18
SRR2059524,CLL_A3162,KLGJKNIF_02728,82.85
SRR2059524,CBO3086,KLGJKNIF_02531,86.99
SRR2059524,CBO3085,KLGJKNIF_02532,80.48
SRR2059524,CBO3084,KLGJKNIF_02533,87.29
SRR2059524,CLL_A0078,KLGJKNIF_01709,95.25
SRR2059524,CDH90139.1,KLGJKNIF_00391,97.99
SRR2059525,CLL_A3167,BIJDAIAC_01818,98.12
SRR2059525,CLL_A3168,BIJDAIAC_01819,99.14
SRR2059525,CLL_A3169,BIJDAIAC_01820,96.99
SRR2059525,CLL_A0291,BIJDAIAC_00594,97.61
SRR2059525,CLL_A0079,BIJDAIAC_02145,97.74
SRR2059525,CLL_A3162,BIJDAIAC_01813,85.26
SRR2059525,CLL_A3162,BIJDAIAC_01813,83.11
SRR2059525,CBO3086,BIJDAIAC_03324,86.99
SRR2059525,CBO3085,BIJDAIAC_03325,80.48
SRR2059525,CBO3084,BIJDAIAC_03326,87.29
SRR2059525,CLL_A0078,BIJDAIAC_02144,95.25
SRR2059525,CDH90139.1,BIJDAIAC_00270,98.15
SRR2059526,CLL_A3167,GCEMKEPG_00783,98.12
SRR2059526,CLL_A3168,GCEMKEPG_00784,99.14
SRR2059526,CLL_A3169,GCEMKEPG_00785,96.99
SRR2059526,CLL_A0291,GCEMKEPG_00700,97.61
SRR2059526,CLL_A0079,GCEMKEPG_02253,97.74
SRR2059526,CLL_A3162,GCEMKEPG_00778,85.26
SRR2059526,CLL_A3162,GCEMKEPG_00778,83.11
SRR2059526,CBO3086,GCEMKEPG_00165,86.99
SRR2059526,CBO3085,GCEMKEPG_00164,80.48
SRR2059526,CBO3084,GCEMKEPG_00163,87.29
SRR2059526,CLL_A0078,GCEMKEPG_02252,95.25
SRR2059526,CDH90139.1,GCEMKEPG_01313,98.15
SRR2059527,CLL_A3167,JGPDFMFE_00946,98.12
SRR2059527,CLL_A3168,JGPDFMFE_00945,99.14
SRR2059527,CLL_A3169,JGPDFMFE_00944,96.99
SRR2059527,CLL_A0291,JGPDFMFE_00188,97.61
SRR2059527,CLL_A0079,JGPDFMFE_01939,97.74
SRR2059527,CLL_A3162,JGPDFMFE_00951,85.26
SRR2059527,CLL_A3162,JGPDFMFE_00951,83.11
SRR2059527,CBO3086,JGPDFMFE_00259,86.99
SRR2059527,CBO3085,JGPDFMFE_00260,80.48
SRR2059527,CBO3084,JGPDFMFE_00261,87.29
SRR2059527,CLL_A0078,JGPDFMFE_01938,95.25
SRR2059527,CDH90139.1,JGPDFMFE_00071,97.84
SRR2059528,CLL_A3167,KFBFHLPL_02442,98.12
SRR2059528,CLL_A3168,KFBFHLPL_02441,99.14
SRR2059528,CLL_A3169,KFBFHLPL_02440,97.83
SRR2059528,CLL_A0291,KFBFHLPL_02914,97.61
SRR2059528,CLL_A0079,KFBFHLPL_01857,97.74
SRR2059528,CLL_A3162,KFBFHLPL_02447,85.26
SRR2059528,CLL_A3162,KFBFHLPL_02447,83.11
SRR2059528,CBO3086,KFBFHLPL_01830,86.99
SRR2059528,CBO3085,KFBFHLPL_01829,80.48
SRR2059528,CBO3084,KFBFHLPL_01828,87.29
SRR2059528,CLL_A0078,KFBFHLPL_01858,95.25
SRR2059528,CDH90139.1,KFBFHLPL_00924,97.84
SRR2059529,CLL_A3167,HGMCBJIC_00375,98.12
SRR2059529,CLL_A3168,HGMCBJIC_00374,99.14
SRR2059529,CLL_A3169,HGMCBJIC_00373,96.99
SRR2059529,CLL_A0291,HGMCBJIC_01547,97.61
SRR2059529,CLL_A0079,HGMCBJIC_01104,97.74
SRR2059529,CLL_A3162,HGMCBJIC_00380,85.26
SRR2059529,CLL_A3162,HGMCBJIC_00380,83.11
SRR2059529,CBO3086,HGMCBJIC_00173,86.99
SRR2059529,CBO3085,HGMCBJIC_00172,80.48
SRR2059529,CBO3084,HGMCBJIC_00171,87.29
SRR2059529,CLL_A0078,HGMCBJIC_01105,95.25
SRR2059529,CDH90139.1,HGMCBJIC_00897,97.99
SRR2059530,CLL_A3167,EPPMDFCB_01062,98.12
SRR2059530,CLL_A3168,EPPMDFCB_01061,99.14
SRR2059530,CLL_A3169,EPPMDFCB_01060,96.99
SRR2059530,CLL_A0291,EPPMDFCB_02975,97.61
SRR2059530,CLL_A0079,EPPMDFCB_01694,97.74
SRR2059530,CLL_A3162,EPPMDFCB_01067,85.18
SRR2059530,CLL_A3162,EPPMDFCB_01067,82.85
SRR2059530,CBO3086,EPPMDFCB_02394,86.99
SRR2059530,CBO3085,EPPMDFCB_02393,80.48
SRR2059530,CBO3084,EPPMDFCB_02392,87.29
SRR2059530,CLL_A0078,EPPMDFCB_01693,95.25
SRR2059530,CDH90139.1,EPPMDFCB_00208,97.99
SRR2059532,CLL_A3167,PKLCJKMC_01029,98.12
SRR2059532,CLL_A3168,PKLCJKMC_01028,99.14
SRR2059532,CLL_A3169,PKLCJKMC_01027,96.99
SRR2059532,CLL_A0291,PKLCJKMC_01677,97.61
SRR2059532,CLL_A0079,PKLCJKMC_01325,97.74
SRR2059532,CLL_A3162,PKLCJKMC_01034,85.47
SRR2059532,CLL_A3162,PKLCJKMC_01034,82.85
SRR2059532,CBO3086,PKLCJKMC_00179,86.99
SRR2059532,CBO3085,PKLCJKMC_00178,80.48
SRR2059532,CBO3084,PKLCJKMC_00177,87.29
SRR2059532,CLL_A0078,PKLCJKMC_01324,95.25
SRR2059532,CDH90139.1,PKLCJKMC_01693,98.15
SRR2059533,CLL_A3167,NCLBNKAD_01470,98.12
SRR2059533,CLL_A3168,NCLBNKAD_01469,99.14
SRR2059533,CLL_A3169,NCLBNKAD_01468,97.26
SRR2059533,CLL_A0291,NCLBNKAD_00312,98.09
SRR2059533,CLL_A0079,NCLBNKAD_01746,97.52
SRR2059533,CLL_A3162,NCLBNKAD_01475,85.26
SRR2059533,CLL_A3162,NCLBNKAD_01475,83.11
SRR2059533,CBO3086,NCLBNKAD_00513,86.99
SRR2059533,CBO3085,NCLBNKAD_00514,80.48
SRR2059533,CBO3084,NCLBNKAD_00515,87.29
SRR2059533,CLL_A0078,NCLBNKAD_01745,95.25
SRR2059533,CDH90139.1,NCLBNKAD_02370,97.99
SRR2059534,CLL_A3167,FHGKNLLP_00845,98.12
SRR2059534,CLL_A3168,FHGKNLLP_00844,99.14
SRR2059534,CLL_A3169,FHGKNLLP_00843,96.99
SRR2059534,CLL_A0291,FHGKNLLP_01141,97.61
SRR2059534,CLL_A0079,FHGKNLLP_01811,97.74
SRR2059534,CLL_A3162,FHGKNLLP_00850,85.26
SRR2059534,CLL_A3162,FHGKNLLP_00850,83.11
SRR2059534,CBO3086,FHGKNLLP_03432,86.99
SRR2059534,CBO3085,FHGKNLLP_03433,80.48
SRR2059534,CBO3084,FHGKNLLP_03434,87.29
SRR2059534,CLL_A0078,FHGKNLLP_01812,95.25
SRR2059534,CDH90139.1,FHGKNLLP_00865,98.15
SRR2059535,CLL_A3167,IAFEAOPJ_01426,98.12
SRR2059535,CLL_A3168,IAFEAOPJ_01425,99.14
SRR2059535,CLL_A3169,IAFEAOPJ_01424,96.99
SRR2059535,CLL_A0291,IAFEAOPJ_01079,97.61
SRR2059535,CLL_A0079,IAFEAOPJ_02840,97.74
SRR2059535,CLL_A3162,IAFEAOPJ_01431,85.26
SRR2059535,CLL_A3162,IAFEAOPJ_01431,83.11
SRR2059535,CBO3086,IAFEAOPJ_00219,86.99
SRR2059535,CBO3085,IAFEAOPJ_00218,80.48
SRR2059535,CBO3084,IAFEAOPJ_00217,87.29
SRR2059535,CLL_A0078,IAFEAOPJ_02839,95.25
SRR2059535,CDH90139.1,IAFEAOPJ_00354,98.15
SRR2059536,CLL_A3167,HCCDGAKK_00913,98.12
SRR2059536,CLL_A3168,HCCDGAKK_00912,99.14
SRR2059536,CLL_A3169,HCCDGAKK_00911,96.99
SRR2059536,CLL_A0291,HCCDGAKK_00860,97.61
SRR2059536,CLL_A0079,HCCDGAKK_00633,97.74
SRR2059536,CLL_A3162,HCCDGAKK_03257,95.26
SRR2059536,CBO3086,HCCDGAKK_00710,86.99
SRR2059536,CBO3085,HCCDGAKK_00709,80.48
SRR2059536,CBO3084,HCCDGAKK_00708,87.29
SRR2059536,CLL_A0078,HCCDGAKK_00632,95.25
SRR2059536,CDH90139.1,HCCDGAKK_00450,97.99
SRR2059537,CLL_A3167,FPCHGEJK_00236,98.12
SRR2059537,CLL_A3168,FPCHGEJK_00235,99.14
SRR2059537,CLL_A3169,FPCHGEJK_00234,96.99
SRR2059537,CLL_A0291,FPCHGEJK_02415,97.61
SRR2059537,CLL_A0079,FPCHGEJK_02818,97.74
SRR2059537,CLL_A3162,FPCHGEJK_00241,85.26
SRR2059537,CLL_A3162,FPCHGEJK_00241,83.11
SRR2059537,CBO3086,FPCHGEJK_00733,86.99
SRR2059537,CBO3085,FPCHGEJK_00734,80.48
SRR2059537,CBO3084,FPCHGEJK_00735,87.29
SRR2059537,CLL_A0078,FPCHGEJK_02819,95.25
SRR2059537,CDH90139.1,FPCHGEJK_01060,98.15
SRR2059538,CLL_A3167,IHLABNED_00238,98.12
SRR2059538,CLL_A3168,IHLABNED_00237,99.14
SRR2059538,CLL_A3169,IHLABNED_00236,96.99
SRR2059538,CLL_A0291,IHLABNED_01808,97.61
SRR2059538,CLL_A0079,IHLABNED_02150,97.74
SRR2059538,CLL_A3162,IHLABNED_00243,85.26
SRR2059538,CLL_A3162,IHLABNED_00243,83.11
SRR2059538,CBO3086,IHLABNED_01959,86.99
SRR2059538,CBO3085,IHLABNED_01960,80.48
SRR2059538,CBO3084,IHLABNED_01961,87.29
SRR2059538,CLL_A0078,IHLABNED_02149,95.25
SRR2059538,CDH90139.1,IHLABNED_01625,98.15
SRR2059539,CLL_A3167,NHPALBKP_01771,98.12
SRR2059539,CLL_A3168,NHPALBKP_01770,99.14
SRR2059539,CLL_A3169,NHPALBKP_02606,96.99
SRR2059539,CLL_A0291,NHPALBKP_01266,97.61
SRR2059539,CLL_A0079,NHPALBKP_01412,97.74
SRR2059539,CLL_A3162,NHPALBKP_01776,85.26
SRR2059539,CLL_A3162,NHPALBKP_01776,83.11
SRR2059539,CBO3086,NHPALBKP_00047,86.99
SRR2059539,CBO3085,NHPALBKP_00046,80.48
SRR2059539,CBO3084,NHPALBKP_00045,87.29
SRR2059539,CLL_A0078,NHPALBKP_01411,95.25
SRR2059539,CDH90139.1,NHPALBKP_01574,98.15
SRR2059540,CLL_A3167,KGLODBBL_01400,98.12
SRR2059540,CLL_A3168,KGLODBBL_01401,99.14
SRR2059540,CLL_A3169,KGLODBBL_01402,96.99
SRR2059540,CLL_A0291,KGLODBBL_00871,97.61
SRR2059540,CLL_A0079,KGLODBBL_02599,97.74
SRR2059540,CLL_A3162,KGLODBBL_01395,85.26
SRR2059540,CLL_A3162,KGLODBBL_01395,83.11
SRR2059540,CBO3086,KGLODBBL_00711,86.99
SRR2059540,CBO3085,KGLODBBL_00710,80.48
SRR2059540,CBO3084,KGLODBBL_00709,87.29
SRR2059540,CLL_A0078,KGLODBBL_02600,95.25
SRR2059540,CDH90139.1,KGLODBBL_00231,98.15
SRR2059541,CLL_A3167,JPLPKCJO_01900,98.12
SRR2059541,CLL_A3168,JPLPKCJO_01901,99.14
SRR2059541,CLL_A3169,JPLPKCJO_01902,96.99
SRR2059541,CLL_A0291,JPLPKCJO_01467,97.61
SRR2059541,CLL_A0079,JPLPKCJO_01993,97.74
SRR2059541,CLL_A3162,JPLPKCJO_01895,85.26
SRR2059541,CLL_A3162,JPLPKCJO_01895,83.11
SRR2059541,CBO3086,JPLPKCJO_01657,86.99
SRR2059541,CBO3085,JPLPKCJO_01658,80.48
SRR2059541,CBO3084,JPLPKCJO_01659,87.29
SRR2059541,CLL_A0078,JPLPKCJO_01992,95.25
SRR2059541,CDH90139.1,JPLPKCJO_00765,98.15
SRR2059542,CLL_A3167,AKJFDPPM_00429,98.12
SRR2059542,CLL_A3168,AKJFDPPM_00428,99.14
SRR2059542,CLL_A3169,AKJFDPPM_00427,96.99
SRR2059542,CLL_A0291,AKJFDPPM_00102,97.61
SRR2059542,CLL_A0079,AKJFDPPM_02162,97.74
SRR2059542,CLL_A3162,AKJFDPPM_00434,85.26
SRR2059542,CLL_A3162,AKJFDPPM_00434,83.11
SRR2059542,CBO3086,AKJFDPPM_00360,86.99
SRR2059542,CBO3085,AKJFDPPM_00359,80.48
SRR2059542,CBO3084,AKJFDPPM_00358,87.29
SRR2059542,CLL_A0078,AKJFDPPM_02161,95.25
SRR2059542,CDH90139.1,AKJFDPPM_02541,98.15
SRR2059543,CLL_A3167,KKBICGLA_00666,98.12
SRR2059543,CLL_A3168,KKBICGLA_00665,99.14
SRR2059543,CLL_A3169,KKBICGLA_00664,96.99
SRR2059543,CLL_A0291,KKBICGLA_02730,97.61
SRR2059543,CLL_A0079,KKBICGLA_01305,97.74
SRR2059543,CLL_A3162,KKBICGLA_00671,85.26
SRR2059543,CLL_A3162,KKBICGLA_00671,83.11
SRR2059543,CBO3086,KKBICGLA_01980,86.99
SRR2059543,CBO3085,KKBICGLA_01981,80.48
SRR2059543,CBO3084,KKBICGLA_01982,87.29
SRR2059543,CLL_A0078,KKBICGLA_01306,95.25
SRR2059543,CDH90139.1,KKBICGLA_00282,98.15
SRR2059544,CLL_A3167,DOEAONLB_01272,98.12
SRR2059544,CLL_A3168,DOEAONLB_01273,99.14
SRR2059544,CLL_A3169,DOEAONLB_01274,96.99
SRR2059544,CLL_A0291,DOEAONLB_00671,97.61
SRR2059544,CLL_A0079,DOEAONLB_02576,97.74
SRR2059544,CLL_A3162,DOEAONLB_01267,85.47
SRR2059544,CLL_A3162,DOEAONLB_01267,82.85
SRR2059544,CBO3086,DOEAONLB_00028,86.99
SRR2059544,CBO3085,DOEAONLB_00029,80.48
SRR2059544,CBO3084,DOEAONLB_00030,87.29
SRR2059544,CLL_A0078,DOEAONLB_02577,95.25
SRR2059544,CDH90139.1,DOEAONLB_00943,98.15
SRR2059545,CLL_A3167,MPAPJKPD_02410,98.12
SRR2059545,CLL_A3168,MPAPJKPD_02411,99.14
SRR2059545,CLL_A3169,MPAPJKPD_02412,96.99
SRR2059545,CLL_A0291,MPAPJKPD_01437,97.61
SRR2059545,CLL_A0079,MPAPJKPD_01676,97.74
SRR2059545,CLL_A3162,MPAPJKPD_02249,85.47
SRR2059545,CLL_A3162,MPAPJKPD_02249,82.85
SRR2059545,CBO3086,MPAPJKPD_03049,86.99
SRR2059545,CBO3085,MPAPJKPD_03050,80.48
SRR2059545,CBO3084,MPAPJKPD_03051,87.29
SRR2059545,CLL_A0078,MPAPJKPD_01675,95.25
SRR2059545,CDH90139.1,MPAPJKPD_00918,98.15
SRR2059546,CLL_A3167,AKBPBKJL_01538,98.12
SRR2059546,CLL_A3168,AKBPBKJL_01539,99.14
SRR2059546,CLL_A3169,AKBPBKJL_01540,96.99
SRR2059546,CLL_A0291,AKBPBKJL_00118,97.61
SRR2059546,CLL_A0079,AKBPBKJL_02511,97.74
SRR2059546,CLL_A3162,AKBPBKJL_01533,85.26
SRR2059546,CLL_A3162,AKBPBKJL_01533,83.11
SRR2059546,CBO3086,AKBPBKJL_00589,86.99
SRR2059546,CBO3085,AKBPBKJL_00590,80.48
SRR2059546,CBO3084,AKBPBKJL_00591,87.29
SRR2059546,CLL_A0078,AKBPBKJL_02512,95.25
SRR2059546,CDH90139.1,AKBPBKJL_01162,98.15
SRR2059547,CLL_A3167,OLLMGPAE_00543,98.12
SRR2059547,CLL_A3168,OLLMGPAE_00544,99.14
SRR2059547,CLL_A3169,OLLMGPAE_00545,96.99
SRR2059547,CLL_A0291,OLLMGPAE_00195,97.61
SRR2059547,CLL_A0079,OLLMGPAE_00005,97.74
SRR2059547,CLL_A3162,OLLMGPAE_03050,85.26
SRR2059547,CLL_A3162,OLLMGPAE_03050,83.11
SRR2059547,CBO3086,OLLMGPAE_03236,86.99
SRR2059547,CBO3085,OLLMGPAE_03235,80.48
SRR2059547,CBO3084,OLLMGPAE_03234,87.29
SRR2059547,CLL_A0078,OLLMGPAE_00004,95.25
SRR2059547,CDH90139.1,OLLMGPAE_00174,97.99
SRR2059548,CLL_A3167,HJMIGNHA_00018,98.12
SRR2059548,CLL_A3168,HJMIGNHA_00019,99.14
SRR2059548,CLL_A3169,HJMIGNHA_00020,96.99
SRR2059548,CLL_A0291,HJMIGNHA_00256,97.61
SRR2059548,CLL_A0079,HJMIGNHA_01835,97.74
SRR2059548,CLL_A3162,HJMIGNHA_00013,85.18
SRR2059548,CLL_A3162,HJMIGNHA_00013,82.85
SRR2059548,CBO3086,HJMIGNHA_00721,86.99
SRR2059548,CBO3085,HJMIGNHA_00722,80.48
SRR2059548,CBO3084,HJMIGNHA_00723,87.29
SRR2059548,CLL_A0078,HJMIGNHA_01834,95.25
SRR2059548,CDH90139.1,HJMIGNHA_01163,97.99
SRR2059549,CLL_A3167,GNKKIKKI_02165,98.12
SRR2059549,CLL_A3168,GNKKIKKI_02166,99.14
SRR2059549,CLL_A3169,GNKKIKKI_02167,96.99
SRR2059549,CLL_A0291,GNKKIKKI_00102,97.61
SRR2059549,CLL_A0079,GNKKIKKI_00975,97.74
SRR2059549,CLL_A3162,GNKKIKKI_02160,85.26
SRR2059549,CLL_A3162,GNKKIKKI_02160,83.11
SRR2059549,CBO3086,GNKKIKKI_00436,86.99
SRR2059549,CBO3085,GNKKIKKI_00435,80.48
SRR2059549,CBO3084,GNKKIKKI_00434,87.29
SRR2059549,CLL_A0078,GNKKIKKI_00976,95.25
SRR2059549,CDH90139.1,GNKKIKKI_00223,97.84
SRR2059550,CLL_A3167,HHOCMODB_01955,98.12
SRR2059550,CLL_A3168,HHOCMODB_01956,99.14
SRR2059550,CLL_A3169,HHOCMODB_01957,96.99
SRR2059550,CLL_A0291,HHOCMODB_01742,97.61
SRR2059550,CLL_A0079,HHOCMODB_02651,97.74
SRR2059550,CLL_A3162,HHOCMODB_01950,85.26
SRR2059550,CLL_A3162,HHOCMODB_01950,83.11
SRR2059550,CBO3086,HHOCMODB_00004,86.99
SRR2059550,CBO3085,HHOCMODB_00005,80.48
SRR2059550,CBO3084,HHOCMODB_00006,87.29
SRR2059550,CLL_A0078,HHOCMODB_02652,95.25
SRR2059550,CDH90139.1,HHOCMODB_00518,97.84
SRR2059552,CLL_A3167,BHIJEAFL_01962,98.12
SRR2059552,CLL_A3168,BHIJEAFL_01961,99.14
SRR2059552,CLL_A3169,BHIJEAFL_01960,96.99
SRR2059552,CLL_A0291,BHIJEAFL_01195,98.09
SRR2059552,CLL_A0079,BHIJEAFL_02825,97.52
SRR2059552,CLL_A3162,BHIJEAFL_01967,85.47
SRR2059552,CLL_A3162,BHIJEAFL_01967,82.59
SRR2059552,CBO3086,BHIJEAFL_02316,86.99
SRR2059552,CBO3085,BHIJEAFL_02315,80.48
SRR2059552,CBO3084,BHIJEAFL_02314,87.29
SRR2059552,CLL_A0078,BHIJEAFL_02826,95.25
SRR2059552,CDH90139.1,BHIJEAFL_01470,98.15
SRR2059554,CLL_A3167,LBNDNHCM_02183,98.12
SRR2059554,CLL_A3168,LBNDNHCM_02184,99.14
SRR2059554,CLL_A3169,LBNDNHCM_02185,96.99
SRR2059554,CLL_A0291,LBNDNHCM_00029,97.61
SRR2059554,CLL_A0079,LBNDNHCM_01636,97.74
SRR2059554,CLL_A3162,LBNDNHCM_02585,85.18
SRR2059554,CLL_A3162,LBNDNHCM_02585,82.85
SRR2059554,CBO3086,LBNDNHCM_00141,86.99
SRR2059554,CBO3085,LBNDNHCM_00142,80.48
SRR2059554,CBO3084,LBNDNHCM_00143,87.29
SRR2059554,CLL_A0078,LBNDNHCM_01637,95.25
SRR2059554,CDH90139.1,LBNDNHCM_00748,97.99
SRR2059555,CLL_A3167,IEDENFBP_01736,98.12
SRR2059555,CLL_A3168,IEDENFBP_01737,99.14
SRR2059555,CLL_A3169,IEDENFBP_01738,96.99
SRR2059555,CLL_A0291,IEDENFBP_00995,97.61
SRR2059555,CLL_A0079,IEDENFBP_01473,97.74
SRR2059555,CLL_A3162,IEDENFBP_01731,85.18
SRR2059555,CLL_A3162,IEDENFBP_01731,82.85
SRR2059555,CBO3086,IEDENFBP_00232,86.99
SRR2059555,CBO3085,IEDENFBP_00233,80.48
SRR2059555,CBO3084,IEDENFBP_00234,87.29
SRR2059555,CLL_A0078,IEDENFBP_01472,95.25
SRR2059555,CDH90139.1,IEDENFBP_01207,97.99
SRR2059557,CLL_A3167,HHBPGEHJ_02684,98.12
SRR2059557,CLL_A3168,HHBPGEHJ_02685,99.14
SRR2059557,CLL_A3169,HHBPGEHJ_02686,96.99
SRR2059557,CLL_A0291,HHBPGEHJ_02087,97.61
SRR2059557,CLL_A0079,HHBPGEHJ_02832,97.74
SRR2059557,CLL_A3162,HHBPGEHJ_02679,85.26
SRR2059557,CLL_A3162,HHBPGEHJ_02679,83.11
SRR2059557,CBO3086,HHBPGEHJ_02234,86.99
SRR2059557,CBO3085,HHBPGEHJ_02235,80.48
SRR2059557,CBO3084,HHBPGEHJ_02236,87.29
SRR2059557,CLL_A0078,HHBPGEHJ_02833,95.25
SRR2059557,CDH90139.1,HHBPGEHJ_01023,97.84
SRR2059558,CLL_A3167,PKMHCDHN_01454,98.12
SRR2059558,CLL_A3168,PKMHCDHN_01453,99.14
SRR2059558,CLL_A3169,PKMHCDHN_01452,96.99
SRR2059558,CLL_A0291,PKMHCDHN_02224,97.61
SRR2059558,CLL_A0079,PKMHCDHN_00489,97.74
SRR2059558,CLL_A3162,PKMHCDHN_01459,85.18
SRR2059558,CLL_A3162,PKMHCDHN_01459,82.85
SRR2059558,CBO3086,PKMHCDHN_02166,86.99
SRR2059558,CBO3085,PKMHCDHN_02165,80.48
SRR2059558,CBO3084,PKMHCDHN_02164,87.29
SRR2059558,CLL_A0078,PKMHCDHN_00488,95.25
SRR2059558,CDH90139.1,PKMHCDHN_00993,97.99
SRR2059559,CLL_A3167,EFGDHPMJ_01668,98.12
SRR2059559,CLL_A3168,EFGDHPMJ_01667,99.14
SRR2059559,CLL_A3169,EFGDHPMJ_01666,97.26
SRR2059559,CLL_A0291,EFGDHPMJ_02299,98.09
SRR2059559,CLL_A0079,EFGDHPMJ_02523,97.52
SRR2059559,CLL_A3162,EFGDHPMJ_01673,85.26
SRR2059559,CLL_A3162,EFGDHPMJ_01673,83.11
SRR2059559,CBO3086,EFGDHPMJ_00058,86.99
SRR2059559,CBO3085,EFGDHPMJ_00059,80.48
SRR2059559,CBO3084,EFGDHPMJ_00060,87.29
SRR2059559,CLL_A0078,EFGDHPMJ_02524,95.25
SRR2059559,CDH90139.1,EFGDHPMJ_00384,97.99
SRR2059560,CLL_A3167,IACDGJPL_00039,98.12
SRR2059560,CLL_A3168,IACDGJPL_00038,99.14
SRR2059560,CLL_A3169,IACDGJPL_00037,96.99
SRR2059560,CLL_A0291,IACDGJPL_02491,99.13
SRR2059560,CLL_A0079,IACDGJPL_00795,97.74
SRR2059560,CLL_A3162,IACDGJPL_00044,85.26
SRR2059560,CLL_A3162,IACDGJPL_00044,83.11
SRR2059560,CBO3086,IACDGJPL_02982,86.99
SRR2059560,CBO3085,IACDGJPL_02983,80.48
SRR2059560,CBO3084,IACDGJPL_02984,87.29
SRR2059560,CLL_A0078,IACDGJPL_00796,95.25
SRR2059560,CDH90139.1,IACDGJPL_00669,98.15
SRR2059562,CLL_A3167,LCEMIGNK_01309,98.12
SRR2059562,CLL_A3168,LCEMIGNK_01308,99.14
SRR2059562,CLL_A3169,LCEMIGNK_01307,96.99
SRR2059562,CLL_A0291,LCEMIGNK_01152,97.61
SRR2059562,CLL_A0079,LCEMIGNK_00336,97.74
SRR2059562,CLL_A3162,LCEMIGNK_01314,85.18
SRR2059562,CLL_A3162,LCEMIGNK_01314,82.85
SRR2059562,CBO3086,LCEMIGNK_01725,86.99
SRR2059562,CBO3085,LCEMIGNK_01724,80.48
SRR2059562,CBO3084,LCEMIGNK_01723,87.29
SRR2059562,CLL_A0078,LCEMIGNK_00335,95.25
SRR2059562,CDH90139.1,LCEMIGNK_00160,97.99
SRR2059563,CLL_A3167,BAEOAJPD_03129,98.12
SRR2059563,CLL_A3168,BAEOAJPD_03130,99.14
SRR2059563,CLL_A3169,BAEOAJPD_03131,96.99
SRR2059563,CLL_A0291,BAEOAJPD_01337,97.61
SRR2059563,CLL_A0079,BAEOAJPD_00981,97.74
SRR2059563,CLL_A3162,BAEOAJPD_03124,85.18
SRR2059563,CLL_A3162,BAEOAJPD_03124,82.85
SRR2059563,CBO3086,BAEOAJPD_00793,86.99
SRR2059563,CBO3085,BAEOAJPD_00792,80.48
SRR2059563,CBO3084,BAEOAJPD_00791,87.29
SRR2059563,CLL_A0078,BAEOAJPD_00980,95.25
SRR2059563,CDH90139.1,BAEOAJPD_00454,97.99
SRR2059564,CLL_A3167,JFHDEPPI_02436,98.12
SRR2059564,CLL_A3168,JFHDEPPI_02437,99.14
SRR2059564,CLL_A3169,JFHDEPPI_02438,96.99
SRR2059564,CLL_A0291,JFHDEPPI_01581,97.61
SRR2059564,CLL_A0079,JFHDEPPI_03036,97.74
SRR2059564,CLL_A3162,JFHDEPPI_02431,85.47
SRR2059564,CLL_A3162,JFHDEPPI_02431,82.85
SRR2059564,CBO3086,JFHDEPPI_00953,86.99
SRR2059564,CBO3085,JFHDEPPI_00952,80.48
SRR2059564,CBO3084,JFHDEPPI_00951,87.29
SRR2059564,CLL_A0078,JFHDEPPI_03035,95.25
SRR2059564,CDH90139.1,JFHDEPPI_01858,98.15
SRR2059565,CLL_A3167,CKHBFMHF_01198,98.12
SRR2059565,CLL_A3168,CKHBFMHF_01199,99.14
SRR2059565,CLL_A3169,CKHBFMHF_01200,97.26
SRR2059565,CLL_A0291,CKHBFMHF_02770,97.61
SRR2059565,CLL_A0079,CKHBFMHF_00186,97.74
SRR2059565,CBO3086,CKHBFMHF_00996,86.99
SRR2059565,CBO3085,CKHBFMHF_00995,80.48
SRR2059565,CBO3084,CKHBFMHF_00994,87.29
SRR2059565,CLL_A0078,CKHBFMHF_00185,95.25
SRR2059565,CDH90139.1,CKHBFMHF_02913,98.15
SRR2059566,CLL_A3167,PDAFFLAL_03332,98.12
SRR2059566,CLL_A3168,PDAFFLAL_03333,99.14
SRR2059566,CLL_A3169,PDAFFLAL_02522,96.30
SRR2059566,CLL_A0291,PDAFFLAL_02491,97.61
SRR2059566,CLL_A0079,PDAFFLAL_00151,97.74
SRR2059566,CLL_A3162,PDAFFLAL_01706,85.26
SRR2059566,CLL_A3162,PDAFFLAL_01706,83.11
SRR2059566,CBO3086,PDAFFLAL_02937,86.99
SRR2059566,CBO3085,PDAFFLAL_02936,80.48
SRR2059566,CBO3084,PDAFFLAL_02935,87.29
SRR2059566,CLL_A0078,PDAFFLAL_00152,95.25
SRR2059566,CDH90139.1,PDAFFLAL_00073,97.84
SRR2059567,CLL_A3167,KNJMICOA_00527,98.12
SRR2059567,CLL_A3168,KNJMICOA_00526,99.14
SRR2059567,CLL_A3169,KNJMICOA_00525,96.99
SRR2059567,CLL_A0291,KNJMICOA_01368,97.61
SRR2059567,CLL_A0079,KNJMICOA_02694,97.74
SRR2059567,CLL_A3162,KNJMICOA_00532,85.26
SRR2059567,CLL_A3162,KNJMICOA_00532,83.11
SRR2059567,CBO3086,KNJMICOA_01507,86.99
SRR2059567,CBO3085,KNJMICOA_01508,80.48
SRR2059567,CBO3084,KNJMICOA_01509,87.29
SRR2059567,CLL_A0078,KNJMICOA_02693,95.25
SRR2059567,CDH90139.1,KNJMICOA_00917,97.84
SRR2059568,CLL_A3167,JIKOOCAN_01178,98.12
SRR2059568,CLL_A3168,JIKOOCAN_01179,99.14
SRR2059568,CLL_A3169,JIKOOCAN_01180,96.99
SRR2059568,CLL_A0291,JIKOOCAN_00585,97.61
SRR2059568,CLL_A0079,JIKOOCAN_01839,97.74
SRR2059568,CLL_A3162,JIKOOCAN_01173,85.26
SRR2059568,CLL_A3162,JIKOOCAN_01173,83.11
SRR2059568,CBO3086,JIKOOCAN_00854,86.99
SRR2059568,CBO3085,JIKOOCAN_00853,80.48
SRR2059568,CBO3084,JIKOOCAN_00852,87.29
SRR2059568,CLL_A0078,JIKOOCAN_01840,95.25
SRR2059568,CDH90139.1,JIKOOCAN_00112,98.15
SRR2059569,CLL_A3167,CEFMKLOH_01685,98.12
SRR2059569,CLL_A3168,CEFMKLOH_01684,99.14
SRR2059569,CLL_A3169,CEFMKLOH_01683,96.99
SRR2059569,CLL_A0291,CEFMKLOH_01387,97.61
SRR2059569,CLL_A0079,CEFMKLOH_00106,97.74
SRR2059569,CLL_A3162,CEFMKLOH_01690,85.26
SRR2059569,CLL_A3162,CEFMKLOH_01690,83.11
SRR2059569,CBO3086,CEFMKLOH_01207,86.99
SRR2059569,CBO3085,CEFMKLOH_01208,80.48
SRR2059569,CBO3084,CEFMKLOH_01209,87.29
SRR2059569,CLL_A0078,CEFMKLOH_00107,95.25
SRR2059569,CDH90139.1,CEFMKLOH_00621,98.15
SRR2059570,CLL_A3167,PKIIHCDE_01192,98.12
SRR2059570,CLL_A3168,PKIIHCDE_01193,99.14
SRR2059570,CLL_A3169,PKIIHCDE_01194,96.99
SRR2059570,CLL_A0291,PKIIHCDE_00307,97.61
SRR2059570,CLL_A0079,PKIIHCDE_01363,97.74
SRR2059570,CLL_A3162,PKIIHCDE_01187,85.26
SRR2059570,CLL_A3162,PKIIHCDE_01187,83.11
SRR2059570,CBO3086,PKIIHCDE_02060,86.99
SRR2059570,CBO3085,PKIIHCDE_02059,80.48
SRR2059570,CBO3084,PKIIHCDE_02058,87.29
SRR2059570,CLL_A0078,PKIIHCDE_01362,95.25
SRR2059570,CDH90139.1,PKIIHCDE_02300,98.15
SRR2059571,CLL_A3167,HGAELMJF_00706,98.12
SRR2059571,CLL_A3168,HGAELMJF_00707,99.14
SRR2059571,CLL_A3169,HGAELMJF_00708,97.26
SRR2059571,CLL_A0291,HGAELMJF_01833,98.09
SRR2059571,CLL_A0079,HGAELMJF_03246,97.74
SRR2059571,CLL_A3162,HGAELMJF_00701,85.04
SRR2059571,CLL_A3162,HGAELMJF_00701,81.79
SRR2059571,CBO3086,HGAELMJF_01484,86.99
SRR2059571,CBO3085,HGAELMJF_01483,80.48
SRR2059571,CBO3084,HGAELMJF_01482,87.29
SRR2059571,CLL_A0078,HGAELMJF_03245,95.25
SRR2059571,CDH90139.1,HGAELMJF_00346,98.15
SRR2059572,CLL_A3167,LEGHHHPE_02470,98.12
SRR2059572,CLL_A3168,LEGHHHPE_02471,99.14
SRR2059572,CLL_A3169,LEGHHHPE_02472,97.26
SRR2059572,CLL_A0291,LEGHHHPE_02276,98.09
SRR2059572,CLL_A0079,LEGHHHPE_02414,97.74
SRR2059572,CLL_A3162,LEGHHHPE_02465,85.04
SRR2059572,CLL_A3162,LEGHHHPE_02465,81.79
SRR2059572,CBO3086,LEGHHHPE_00058,86.99
SRR2059572,CBO3085,LEGHHHPE_00059,80.48
SRR2059572,CBO3084,LEGHHHPE_00060,87.29
SRR2059572,CLL_A0078,LEGHHHPE_02415,95.25
SRR2059572,CDH90139.1,LEGHHHPE_00365,98.15
SRR2059573,CLL_A3167,CKLAKDOK_00355,98.12
SRR2059573,CLL_A3168,CKLAKDOK_00356,99.14
SRR2059573,CLL_A3169,CKLAKDOK_00357,96.99
SRR2059573,CLL_A0291,CKLAKDOK_00576,97.61
SRR2059573,CLL_A0079,CKLAKDOK_01520,97.74
SRR2059573,CLL_A3162,CKLAKDOK_00350,85.26
SRR2059573,CLL_A3162,CKLAKDOK_00350,83.11
SRR2059573,CBO3086,CKLAKDOK_01720,86.99
SRR2059573,CBO3085,CKLAKDOK_01719,80.48
SRR2059573,CBO3084,CKLAKDOK_01718,87.29
SRR2059573,CLL_A0078,CKLAKDOK_01521,95.25
SRR2059573,CDH90139.1,CKLAKDOK_00179,98.15
SRR2059574,CLL_A3167,AMOLGOII_00051,98.12
SRR2059574,CLL_A3168,AMOLGOII_00052,99.14
SRR2059574,CLL_A3169,AMOLGOII_00053,97.26
SRR2059574,CLL_A0291,AMOLGOII_02041,98.09
SRR2059574,CLL_A0079,AMOLGOII_00263,97.74
SRR2059574,CLL_A3162,AMOLGOII_00046,85.04
SRR2059574,CLL_A3162,AMOLGOII_00046,81.79
SRR2059574,CBO3086,AMOLGOII_01331,86.99
SRR2059574,CBO3085,AMOLGOII_01330,80.48
SRR2059574,CBO3084,AMOLGOII_01329,87.29
SRR2059574,CLL_A0078,AMOLGOII_00264,95.25
SRR2059574,CDH90139.1,AMOLGOII_01226,98.15
SRR2059575,CLL_A3167,OBCBEJKJ_00157,98.12
SRR2059575,CLL_A3168,OBCBEJKJ_00158,99.14
SRR2059575,CLL_A3169,OBCBEJKJ_00159,96.99
SRR2059575,CLL_A0291,OBCBEJKJ_01389,97.61
SRR2059575,CLL_A0079,OBCBEJKJ_01313,97.74
SRR2059575,CLL_A3162,OBCBEJKJ_00152,85.26
SRR2059575,CLL_A3162,OBCBEJKJ_00152,83.11
SRR2059575,CBO3086,OBCBEJKJ_00058,86.99
SRR2059575,CBO3085,OBCBEJKJ_00059,80.48
SRR2059575,CBO3084,OBCBEJKJ_00060,87.29
SRR2059575,CLL_A0078,OBCBEJKJ_01312,95.25
SRR2059575,CDH90139.1,OBCBEJKJ_01610,97.84
SRR2059576,CLL_A3167,OJEHDCGP_01120,98.12
SRR2059576,CLL_A3168,OJEHDCGP_01121,99.14
SRR2059576,CLL_A3169,OJEHDCGP_01122,96.99
SRR2059576,CLL_A0291,OJEHDCGP_00608,97.61
SRR2059576,CLL_A0079,OJEHDCGP_02233,97.74
SRR2059576,CLL_A3162,OJEHDCGP_01115,85.26
SRR2059576,CLL_A3162,OJEHDCGP_01115,83.11
SRR2059576,CBO3086,OJEHDCGP_00796,86.99
SRR2059576,CBO3085,OJEHDCGP_00795,80.48
SRR2059576,CBO3084,OJEHDCGP_00794,87.29
SRR2059576,CLL_A0078,OJEHDCGP_02232,95.25
SRR2059576,CDH90139.1,OJEHDCGP_00388,97.84
SRR2059577,CLL_A3167,DKFEDNEA_01544,98.12
SRR2059577,CLL_A3168,DKFEDNEA_01543,99.14
SRR2059577,CLL_A3169,DKFEDNEA_01542,96.99
SRR2059577,CLL_A0291,DKFEDNEA_00181,97.61
SRR2059577,CLL_A0079,DKFEDNEA_01040,97.74
SRR2059577,CLL_A3162,DKFEDNEA_01549,85.47
SRR2059577,CLL_A3162,DKFEDNEA_01549,82.85
SRR2059577,CBO3086,DKFEDNEA_01945,86.99
SRR2059577,CBO3085,DKFEDNEA_01946,80.48
SRR2059577,CBO3084,DKFEDNEA_01947,87.29
SRR2059577,CLL_A0078,DKFEDNEA_01039,95.25
SRR2059577,CDH90139.1,DKFEDNEA_00339,98.15
SRR2059578,CLL_A3167,KLGAONLJ_00948,98.12
SRR2059578,CLL_A3168,KLGAONLJ_00949,99.14
SRR2059578,CLL_A3169,KLGAONLJ_00950,96.99
SRR2059578,CLL_A0291,KLGAONLJ_00400,97.61
SRR2059578,CLL_A0079,KLGAONLJ_01124,97.74
SRR2059578,CLL_A3162,KLGAONLJ_00943,85.26
SRR2059578,CLL_A3162,KLGAONLJ_00943,83.11
SRR2059578,CBO3086,KLGAONLJ_01015,86.99
SRR2059578,CBO3085,KLGAONLJ_01016,80.48
SRR2059578,CBO3084,KLGAONLJ_01017,87.29
SRR2059578,CLL_A0078,KLGAONLJ_01125,95.25
SRR2059578,CDH90139.1,KLGAONLJ_00229,98.15
SRR2059579,CLL_A3167,IGKLGKNB_00244,98.12
SRR2059579,CLL_A3168,IGKLGKNB_00243,99.14
SRR2059579,CLL_A3169,IGKLGKNB_00242,96.99
SRR2059579,CLL_A0291,IGKLGKNB_02122,97.61
SRR2059579,CLL_A0079,IGKLGKNB_00294,97.74
SRR2059579,CLL_A3162,IGKLGKNB_00249,85.26
SRR2059579,CLL_A3162,IGKLGKNB_00249,83.11
SRR2059579,CBO3086,IGKLGKNB_02083,86.99
SRR2059579,CBO3085,IGKLGKNB_02084,80.48
SRR2059579,CBO3084,IGKLGKNB_02085,87.29
SRR2059579,CLL_A0078,IGKLGKNB_00295,95.25
SRR2059579,CDH90139.1,IGKLGKNB_00894,97.84
SRR2059581,CLL_A3167,FPJLFEBK_02323,98.12
SRR2059581,CLL_A3168,FPJLFEBK_02322,99.14
SRR2059581,CLL_A3169,FPJLFEBK_02321,96.99
SRR2059581,CLL_A0291,FPJLFEBK_00194,97.61
SRR2059581,CLL_A0079,FPJLFEBK_00161,97.74
SRR2059581,CLL_A3162,FPJLFEBK_02732,85.26
SRR2059581,CLL_A3162,FPJLFEBK_02732,83.11
SRR2059581,CBO3086,FPJLFEBK_01051,86.99
SRR2059581,CBO3085,FPJLFEBK_01050,80.48
SRR2059581,CBO3084,FPJLFEBK_01049,87.29
SRR2059581,CLL_A0078,FPJLFEBK_00162,95.25
SRR2059581,CDH90139.1,FPJLFEBK_00924,98.15
SRR2059582,CLL_A3167,PFBMJNAD_01354,98.12
SRR2059582,CLL_A3168,PFBMJNAD_01353,99.14
SRR2059582,CLL_A3169,PFBMJNAD_01352,96.99
SRR2059582,CLL_A0291,PFBMJNAD_00328,98.09
SRR2059582,CLL_A0079,PFBMJNAD_02416,97.52
SRR2059582,CLL_A3162,PFBMJNAD_01359,85.47
SRR2059582,CLL_A3162,PFBMJNAD_01359,82.59
SRR2059582,CBO3086,PFBMJNAD_00166,86.99
SRR2059582,CBO3085,PFBMJNAD_00165,80.48
SRR2059582,CBO3084,PFBMJNAD_00164,87.29
SRR2059582,CLL_A0078,PFBMJNAD_02415,95.25
SRR2059582,CDH90139.1,PFBMJNAD_01106,98.15
SRR2059583,CLL_A3167,PIDPNHBD_01283,98.12
SRR2059583,CLL_A3168,PIDPNHBD_01284,99.14
SRR2059583,CLL_A3169,PIDPNHBD_01285,96.99
SRR2059583,CLL_A0291,PIDPNHBD_00808,97.61
SRR2059583,CLL_A0079,PIDPNHBD_02300,97.74
SRR2059583,CLL_A3162,PIDPNHBD_01278,85.26
SRR2059583,CLL_A3162,PIDPNHBD_01278,83.11
SRR2059583,CBO3086,PIDPNHBD_00239,86.99
SRR2059583,CBO3085,PIDPNHBD_00240,80.48
SRR2059583,CBO3084,PIDPNHBD_00241,87.29
SRR2059583,CLL_A0078,PIDPNHBD_02299,95.25
SRR2059583,CDH90139.1,PIDPNHBD_02804,98.15
SRR2059584,CLL_A3167,GBOPJFIL_00706,98.12
SRR2059584,CLL_A3168,GBOPJFIL_00707,99.14
SRR2059584,CLL_A3169,GBOPJFIL_00708,97.26
SRR2059584,CLL_A0291,GBOPJFIL_01465,98.09
SRR2059584,CLL_A0079,GBOPJFIL_01674,97.74
SRR2059584,CLL_A3162,GBOPJFIL_00701,85.04
SRR2059584,CLL_A3162,GBOPJFIL_00701,81.79
SRR2059584,CBO3086,GBOPJFIL_01229,86.99
SRR2059584,CBO3085,GBOPJFIL_01230,80.48
SRR2059584,CBO3084,GBOPJFIL_01231,87.29
SRR2059584,CLL_A0078,GBOPJFIL_01675,95.25
SRR2059584,CDH90139.1,GBOPJFIL_00028,98.15
SRR2059585,CLL_A3167,BFAEIKJP_00734,98.12
SRR2059585,CLL_A3168,BFAEIKJP_00733,99.14
SRR2059585,CLL_A3169,BFAEIKJP_00732,96.99
SRR2059585,CLL_A0291,BFAEIKJP_00795,97.61
SRR2059585,CLL_A0079,BFAEIKJP_02875,97.74
SRR2059585,CLL_A3162,BFAEIKJP_00739,85.26
SRR2059585,CLL_A3162,BFAEIKJP_00739,83.11
SRR2059585,CBO3086,BFAEIKJP_03123,86.99
SRR2059585,CBO3085,BFAEIKJP_03122,80.48
SRR2059585,CBO3084,BFAEIKJP_03121,87.29
SRR2059585,CLL_A0078,BFAEIKJP_02876,95.25
SRR2059585,CDH90139.1,BFAEIKJP_00028,98.15
SRR2059586,CLL_A3167,BKBEOGAP_01943,98.12
SRR2059586,CLL_A3168,BKBEOGAP_01942,99.14
SRR2059586,CLL_A3169,BKBEOGAP_01941,96.99
SRR2059586,CLL_A0291,BKBEOGAP_00025,97.61
SRR2059586,CLL_A0079,BKBEOGAP_01420,97.74
SRR2059586,CLL_A3162,BKBEOGAP_01837,85.26
SRR2059586,CLL_A3162,BKBEOGAP_01837,83.11
SRR2059586,CBO3086,BKBEOGAP_02887,86.99
SRR2059586,CBO3085,BKBEOGAP_02888,80.48
SRR2059586,CBO3084,BKBEOGAP_02889,87.29
SRR2059586,CLL_A0078,BKBEOGAP_01421,95.25
SRR2059586,CDH90139.1,BKBEOGAP_00231,97.84
SRR2059587,CLL_A3167,NCOHNLEM_02658,98.12
SRR2059587,CLL_A3168,NCOHNLEM_02657,99.14
SRR2059587,CLL_A3169,NCOHNLEM_02656,96.99
SRR2059587,CLL_A0291,NCOHNLEM_00674,97.61
SRR2059587,CLL_A0079,NCOHNLEM_00053,97.74
SRR2059587,CLL_A3162,NCOHNLEM_02663,85.26
SRR2059587,CLL_A3162,NCOHNLEM_02663,83.11
SRR2059587,CBO3086,NCOHNLEM_00160,86.99
SRR2059587,CBO3085,NCOHNLEM_00161,80.48
SRR2059587,CBO3084,NCOHNLEM_00162,87.29
SRR2059587,CLL_A0078,NCOHNLEM_00052,95.25
SRR2059587,CDH90139.1,NCOHNLEM_00379,97.84
SRR2059588,CLL_A3167,KELPCECB_00689,98.12
SRR2059588,CLL_A3168,KELPCECB_00690,99.14
SRR2059588,CLL_A3169,KELPCECB_00691,96.99
SRR2059588,CLL_A0291,KELPCECB_01031,98.09
SRR2059588,CLL_A0079,KELPCECB_01602,97.52
SRR2059588,CLL_A3162,KELPCECB_00684,85.47
SRR2059588,CLL_A3162,KELPCECB_00684,82.59
SRR2059588,CBO3086,KELPCECB_02488,86.99
SRR2059588,CBO3085,KELPCECB_02487,80.48
SRR2059588,CBO3084,KELPCECB_02486,87.29
SRR2059588,CLL_A0078,KELPCECB_01601,95.25
SRR2059588,CDH90139.1,KELPCECB_02516,98.15
SRR2059589,CLL_A3168,DJHPKLHA_03246,99.14
SRR2059589,CLL_A3169,DJHPKLHA_03245,96.99
SRR2059589,CLL_A0291,DJHPKLHA_01906,98.09
SRR2059589,CLL_A0079,DJHPKLHA_01789,97.29
SRR2059589,CLL_A3162,DJHPKLHA_02502,85.47
SRR2059589,CLL_A3162,DJHPKLHA_02502,82.59
SRR2059589,CBO3086,DJHPKLHA_03234,86.99
SRR2059589,CBO3085,DJHPKLHA_03233,80.48
SRR2059589,CBO3084,DJHPKLHA_03232,87.29
SRR2059589,CLL_A0078,DJHPKLHA_01788,95.25
SRR2059589,CDH90139.1,DJHPKLHA_01007,98.15
SRR2059590,CLL_A3167,BONIKLAA_01911,98.12
SRR2059590,CLL_A3168,BONIKLAA_01912,99.14
SRR2059590,CLL_A3169,BONIKLAA_01913,96.99
SRR2059590,CLL_A0291,BONIKLAA_00765,98.09
SRR2059590,CLL_A0079,BONIKLAA_02333,97.29
SRR2059590,CLL_A3162,BONIKLAA_01906,85.47
SRR2059590,CLL_A3162,BONIKLAA_01906,82.59
SRR2059590,CBO3086,BONIKLAA_01159,86.99
SRR2059590,CBO3085,BONIKLAA_01160,80.48
SRR2059590,CBO3084,BONIKLAA_01161,87.29
SRR2059590,CLL_A0078,BONIKLAA_02334,95.25
SRR2059590,CDH90139.1,BONIKLAA_00310,98.15
SRR2059592,CLL_A3167,FCHBBJKD_01149,98.12
SRR2059592,CLL_A3168,FCHBBJKD_01150,99.14
SRR2059592,CLL_A3169,FCHBBJKD_01151,96.99
SRR2059592,CLL_A0291,FCHBBJKD_01206,97.61
SRR2059592,CLL_A0079,FCHBBJKD_03209,97.74
SRR2059592,CLL_A3162,FCHBBJKD_01144,85.18
SRR2059592,CLL_A3162,FCHBBJKD_01144,82.85
SRR2059592,CBO3086,FCHBBJKD_02898,86.99
SRR2059592,CBO3085,FCHBBJKD_02897,80.48
SRR2059592,CBO3084,FCHBBJKD_02896,87.29
SRR2059592,CLL_A0078,FCHBBJKD_03210,95.25
SRR2059592,CDH90139.1,FCHBBJKD_01711,97.99
SRR2059593,CLL_A3167,KKHCFDFL_00700,98.12
SRR2059593,CLL_A3168,KKHCFDFL_00701,99.14
SRR2059593,CLL_A3169,KKHCFDFL_00702,96.99
SRR2059593,CLL_A0291,KKHCFDFL_00118,97.61
SRR2059593,CLL_A0079,KKHCFDFL_00900,97.74
SRR2059593,CLL_A3162,KKHCFDFL_00695,85.26
SRR2059593,CLL_A3162,KKHCFDFL_00695,83.11
SRR2059593,CBO3086,KKHCFDFL_00247,86.99
SRR2059593,CBO3085,KKHCFDFL_00248,80.48
SRR2059593,CBO3084,KKHCFDFL_00249,87.29
SRR2059593,CLL_A0078,KKHCFDFL_00899,95.25
SRR2059593,CDH90139.1,KKHCFDFL_01408,98.15
SRR2059594,CLL_A3167,CNPENGME_00395,98.12
SRR2059594,CLL_A3168,CNPENGME_00394,99.14
SRR2059594,CLL_A3169,CNPENGME_00393,96.99
SRR2059594,CLL_A0291,CNPENGME_03325,97.61
SRR2059594,CLL_A0079,CNPENGME_00293,97.74
SRR2059594,CLL_A3162,CNPENGME_00400,85.18
SRR2059594,CLL_A3162,CNPENGME_00400,82.85
SRR2059594,CBO3086,CNPENGME_02904,86.99
SRR2059594,CBO3085,CNPENGME_02903,80.48
SRR2059594,CBO3084,CNPENGME_02902,87.29
SRR2059594,CLL_A0078,CNPENGME_00292,95.25
SRR2059594,CDH90139.1,CNPENGME_01006,97.99
SRR2059595,CLL_A3167,OMKEBPAD_01277,98.12
SRR2059595,CLL_A3168,OMKEBPAD_01276,99.14
SRR2059595,CLL_A3169,OMKEBPAD_01275,96.99
SRR2059595,CLL_A0291,OMKEBPAD_02877,97.61
SRR2059595,CLL_A0079,OMKEBPAD_01968,97.74
SRR2059595,CLL_A3162,OMKEBPAD_01282,85.26
SRR2059595,CLL_A3162,OMKEBPAD_01282,83.11
SRR2059595,CBO3086,OMKEBPAD_01438,86.99
SRR2059595,CBO3085,OMKEBPAD_01439,80.48
SRR2059595,CBO3084,OMKEBPAD_01440,87.29
SRR2059595,CLL_A0078,OMKEBPAD_01969,95.25
SRR2059595,CDH90139.1,OMKEBPAD_00614,98.15
SRR2059596,CLL_A3167,GOHGAHLJ_00280,98.12
SRR2059596,CLL_A3168,GOHGAHLJ_00281,99.14
SRR2059596,CLL_A3169,GOHGAHLJ_00282,96.99
SRR2059596,CLL_A0291,GOHGAHLJ_01355,97.61
SRR2059596,CLL_A0079,GOHGAHLJ_02101,97.74
SRR2059596,CLL_A3162,GOHGAHLJ_00275,85.26
SRR2059596,CLL_A3162,GOHGAHLJ_00275,83.11
SRR2059596,CBO3086,GOHGAHLJ_00877,86.99
SRR2059596,CBO3085,GOHGAHLJ_00876,80.48
SRR2059596,CBO3084,GOHGAHLJ_00875,87.29
SRR2059596,CLL_A0078,GOHGAHLJ_02100,95.25
SRR2059596,CDH90139.1,GOHGAHLJ_01762,98.15
SRR2059598,CLL_A3167,PNKOMDOG_02167,98.12
SRR2059598,CLL_A3168,PNKOMDOG_02166,99.14
SRR2059598,CLL_A3169,PNKOMDOG_02165,97.26
SRR2059598,CLL_A0291,PNKOMDOG_01269,97.61
SRR2059598,CLL_A0079,PNKOMDOG_00336,97.74
SRR2059598,CLL_A3162,PNKOMDOG_02172,85.41
SRR2059598,CLL_A3162,PNKOMDOG_02172,83.38
SRR2059598,CBO3086,PNKOMDOG_00640,86.99
SRR2059598,CBO3085,PNKOMDOG_00639,80.48
SRR2059598,CBO3084,PNKOMDOG_00638,87.29
SRR2059598,CLL_A0078,PNKOMDOG_00337,95.25
SRR2059598,CDH90139.1,PNKOMDOG_00603,98.15
SRR2059600,CLL_A3167,GMOIMLNK_00057,98.12
SRR2059600,CLL_A3168,GMOIMLNK_00056,99.14
SRR2059600,CLL_A3169,GMOIMLNK_00055,96.99
SRR2059600,CLL_A0291,GMOIMLNK_00080,97.61
SRR2059600,CLL_A0079,GMOIMLNK_02366,97.74
SRR2059600,CLL_A3162,GMOIMLNK_00063,85.26
SRR2059600,CLL_A3162,GMOIMLNK_00063,83.11
SRR2059600,CBO3086,GMOIMLNK_00832,86.99
SRR2059600,CBO3085,GMOIMLNK_00831,80.48
SRR2059600,CBO3084,GMOIMLNK_00830,87.29
SRR2059600,CLL_A0078,GMOIMLNK_02367,95.25
SRR2059600,CDH90139.1,GMOIMLNK_01016,98.15
SRR2059601,CLL_A3167,LMMAKAHC_02999,97.99
SRR2059601,CLL_A3168,LMMAKAHC_03000,99.14
SRR2059601,CLL_A3169,LMMAKAHC_03001,96.99
SRR2059601,CLL_A0291,LMMAKAHC_00192,97.61
SRR2059601,CLL_A0079,LMMAKAHC_00371,97.74
SRR2059601,CLL_A3162,LMMAKAHC_02121,85.18
SRR2059601,CLL_A3162,LMMAKAHC_02121,82.85
SRR2059601,CBO3086,LMMAKAHC_02886,86.99
SRR2059601,CBO3085,LMMAKAHC_02885,80.48
SRR2059601,CBO3084,LMMAKAHC_02884,87.29
SRR2059601,CLL_A0078,LMMAKAHC_00370,95.25
SRR2059601,CDH90139.1,LMMAKAHC_00970,97.99
SRR2059602,CLL_A3167,GBICDEJM_01142,98.12
SRR2059602,CLL_A3168,GBICDEJM_01143,99.14
SRR2059602,CLL_A0291,GBICDEJM_01606,98.09
SRR2059602,CLL_A0079,GBICDEJM_01300,97.52
SRR2059602,CLL_A3162,GBICDEJM_01137,85.47
SRR2059602,CLL_A3162,GBICDEJM_01137,82.59
SRR2059602,CBO3086,GBICDEJM_00057,86.99
SRR2059602,CBO3085,GBICDEJM_00058,80.48
SRR2059602,CBO3084,GBICDEJM_00059,87.29
SRR2059602,CLL_A0078,GBICDEJM_01301,95.25
SRR2059602,CDH90139.1,GBICDEJM_00044,98.15
SRR2059603,CLL_A3167,IKNKCNEJ_02174,98.12
SRR2059603,CLL_A3168,IKNKCNEJ_02175,99.14
SRR2059603,CLL_A3169,IKNKCNEJ_02176,97.26
SRR2059603,CLL_A0291,IKNKCNEJ_01579,98.09
SRR2059603,CLL_A0079,IKNKCNEJ_02339,97.74
SRR2059603,CLL_A3162,IKNKCNEJ_02169,85.26
SRR2059603,CLL_A3162,IKNKCNEJ_02169,83.11
SRR2059603,CBO3086,IKNKCNEJ_02896,86.99
SRR2059603,CBO3085,IKNKCNEJ_02895,80.48
SRR2059603,CBO3084,IKNKCNEJ_02894,87.29
SRR2059603,CLL_A0078,IKNKCNEJ_02340,95.25
SRR2059603,CDH90139.1,IKNKCNEJ_00383,97.99
